-- --------------------------------------------------------
-- 主机:                           192.168.1.205
-- 服务器版本:                        5.6.24 - Source distribution
-- 服务器操作系统:                      Linux
-- HeidiSQL 版本:                  9.3.0.4984
-- --------------------------------------------------------

/*!40101 SET @OLD_CHARACTER_SET_CLIENT=@@CHARACTER_SET_CLIENT */;
/*!40101 SET NAMES utf8mb4 */;
/*!40014 SET @OLD_FOREIGN_KEY_CHECKS=@@FOREIGN_KEY_CHECKS, FOREIGN_KEY_CHECKS=0 */;
/*!40101 SET @OLD_SQL_MODE=@@SQL_MODE, SQL_MODE='NO_AUTO_VALUE_ON_ZERO' */;

-- 导出 videomgr 的数据库结构
CREATE DATABASE IF NOT EXISTS `videomgr` /*!40100 DEFAULT CHARACTER SET gbk */;
USE `videomgr`;


-- 导出  表 videomgr.t_sysmgr_config 结构
CREATE TABLE IF NOT EXISTS `t_sysmgr_config` (
  `id` int(10) unsigned NOT NULL DEFAULT '0' COMMENT '配置id',
  `name` varchar(50) DEFAULT NULL COMMENT '配置名称',
  `config` text COMMENT 'json配置',
  PRIMARY KEY (`id`)
) ENGINE=InnoDB DEFAULT CHARSET=utf8 COMMENT='配置信息';

-- 正在导出表  videomgr.t_sysmgr_config 的数据：~12 rows (大约)
/*!40000 ALTER TABLE `t_sysmgr_config` DISABLE KEYS */;
INSERT INTO `t_sysmgr_config` (`id`, `name`, `config`) VALUES
	(1, '文件上传配置', '{"FILE_LOCAL_DIR":"/home/aztsay/imgtmpfile/","IM4JAVA_TOOLPATH":"/usr/local/bin/gm","IMG_AZURE_DIR":"videoimg","IMG_AZURE_PAY_DIR":"payimg","IMG_AZURE_PRE":"https://localtest.blob.core.chinacloudapi.cn","MAX_IMGS_SIZE":3145728,"MAX_IMG_WIDTH":1004,"MAX_VIDEO_SIZE":209715200,"MIN_IMG_WIDTH":200,"PAY_NOTIFY_URL":"http://192.168.1.206:8081"}'),
	(2, '短信配置', '{"ac":"1001@501176370007","ac_2":"1001@501176370006","authkey":"B2BDFFDB65298F452E400215F9ED2E83","authkey_2":"957C2C52FD0098F494C2F7CDE801B275","cgid":"6008","cgid_2":"6006","csid":"5550","csid_2":"5550","oth_ac":"1001@501176370002","oth_authkey":"A6732E1587190670CB670189EFED5FB4","oth_cgid":"6009","oth_csid":"5553","oth_url":"http://smsapi.c123.cn/OpenPlatform/OpenApi","url":"http://smsapi.c123.cn/OpenPlatform/OpenApi","url_2":"http://smsapi.c123.cn/OpenPlatform/OpenApi"}'),
	(3, '邮件配置', '{"address":"广东省深圳市福田区福华一路115号投行大厦502","apiBatchUser":"kaimai8_batch","apiKey":"xKxz9MbbVbN4u9RO","apiUser":"kaimai8","email":"marketing@azt-china.com","from":"notifications-noreply@kaimai8.com","fromname":"开卖吧","logo":"http://www.kaimai8.com/temp/201601311059358779290.png","name":"深圳市云曜四海科技发展有限公司","tel":"0755-23993293-8060","url":"http://sendcloud.sohu.com/webapi/","webSite":"www.kaimai8.com"}'),
	(4, '合作方地址配置', '{"ROOT_PATH_KAIMAI8":"http://192.168.1.250:6001","PAY_NOTIFY_URL":"http://testpalyer2015-azt.kaimai8.com","PARTNER_INDEX_URL":"http://192.168.1.250:6001/SellerAdmin","GET_PARTNER_PRODUCT_PAGE_URL":"http://192.168.1.250:6001/api/product/","GET_PARTNER_PRODUCT_DETAIL_URL":"http://192.168.1.250:6001/api/productsku/","GET_PARTNER_PRODUCT_SKUSINFO":"http://192.168.1.250:6001/Product/GetSKUsInfo?","UPDATE_PRODUCT_STOKE":"http://192.168.1.250:6001/Product/updateStock?","GET_VIDEOAUTH_URL":"http://192.168.1.250:6001/api/member/videoauth","GET_SELLERVIDEOAUTH_URL":"http://192.168.1.250:6001/api/member/sellervideoauth"}'),
	(5, '搜索引擎', '{"DIR_URL":"/data/videoMgr/lucene/dic","INDEX_URL":"/data/videoMgr/lucene/store","SOLR_URL":"http://192.168.1.223:8983/solr/mycollection_shard2_replica1","dIR_URL":"/data/videoMgr/lucene/dic","iNDEX_URL":"/data/videoMgr/lucene/store","sOLR_URL":"http://192.168.1.223:8983/solr/mycollection_shard2_replica1"}'),
	(6, '支付宝', '{"key":"pjriwj0fy3i85zulq3gr9n1f35fc1189","partner":"2088121178622525","sellerEmail":"kaimai8@azt-china.com"}'),
	(7, '微信配置', '{"apiKey":"sB6Vt0jAPEESmqqPuNZ241Pqtrv2Pk47","appId":"wx08b1f858f95170b6","appSecret":"d4624c36b6795d1d99dcf0547af5443d","mchId":"1284874301"}'),
	(8, '微软', '{"blobEndpoint":"https://localtest.blob.core.chinacloudapi.cn/","mediaAccount":"testenv","mediaKey":"6bKVdIhK8JzaJCHytJo7FRAzTVTn5k+BtK18gr1svTU=","queueEndpoint":"https://localtest.queue.core.chinacloudapi.cn/","storageAccount":"localtest","storeKey":"DXBptt2HfMv9yV8ZWR6FfA15+uhjK7Rp9aV7fOR6Q+Mqau9IxZvB4TarzKW6mB/9nEGZpm1agQrjDtSWSp/s+A==","tableEndpoint":"https://localtest.table.core.chinacloudapi.cn/"}'),
	(9, '配置维护key', '70c85f32-39ce-4f41-b752-e4adsf'),
	(10, '流量统计', '{"authKey":"abdc3936fa6b4c16be4940b3068a8206","open":true}'),
	(11, '金山云', '{"accesskeyid":"hcd8nl286b7RNCoJygZ/","accesskeysecret":"UxP8J1arrNTzFM2pPx/ws6awAErCwPnEAP0HJHnp","notifyUrl":"http://aepanzeurus.vicp.cc:80/videoMgr/ksnotify","picBucketName":"picmall","picUrl":"http://picmall.kssws.ks-cdn.com/","videoBucketName":"videomall"}'),
	(12, '存储使用平台', '{"storagePlatform":2}');
/*!40000 ALTER TABLE `t_sysmgr_config` ENABLE KEYS */;


-- 导出  表 videomgr.t_sysmgr_flow 结构
CREATE TABLE IF NOT EXISTS `t_sysmgr_flow` (
  `id` int(10) unsigned NOT NULL AUTO_INCREMENT COMMENT '流水id',
  `user_id` int(10) unsigned NOT NULL COMMENT '用户id',
  `flow_num` float unsigned NOT NULL COMMENT '开通流量',
  `start_time` datetime DEFAULT NULL COMMENT '开始时间',
  `end_time` datetime DEFAULT NULL COMMENT '结束时间',
  `create_time` timestamp NOT NULL DEFAULT '1979-01-01 00:00:00' COMMENT '创建时间',
  `update_time` timestamp NOT NULL DEFAULT '1979-01-01 00:00:00' COMMENT '更新时间',
  PRIMARY KEY (`id`) USING BTREE,
  KEY `idx_uid` (`user_id`)
) ENGINE=InnoDB AUTO_INCREMENT=2 DEFAULT CHARSET=gbk COMMENT='流量';

-- 正在导出表  videomgr.t_sysmgr_flow 的数据：~0 rows (大约)
/*!40000 ALTER TABLE `t_sysmgr_flow` DISABLE KEYS */;
INSERT INTO `t_sysmgr_flow` (`id`, `user_id`, `flow_num`, `start_time`, `end_time`, `create_time`, `update_time`) VALUES
	(1, 20, 100, NULL, NULL, '1979-01-01 00:00:00', '1979-01-01 00:00:00');
/*!40000 ALTER TABLE `t_sysmgr_flow` ENABLE KEYS */;


-- 导出  表 videomgr.t_sysmgr_flow_log 结构
CREATE TABLE IF NOT EXISTS `t_sysmgr_flow_log` (
  `id` int(10) unsigned NOT NULL AUTO_INCREMENT COMMENT 'id',
  `user_id` int(10) unsigned NOT NULL DEFAULT '0' COMMENT '用户id',
  `store_id` int(10) unsigned NOT NULL DEFAULT '0' COMMENT '关联播放器',
  `video_id` int(10) unsigned NOT NULL DEFAULT '0' COMMENT '视频id',
  `flow` float unsigned NOT NULL DEFAULT '0' COMMENT '流量',
  `create_time` timestamp NOT NULL DEFAULT '1971-01-01 00:00:00' COMMENT '创建时间',
  PRIMARY KEY (`id`)
) ENGINE=InnoDB AUTO_INCREMENT=567 DEFAULT CHARSET=gbk COMMENT='流量日志明细';

-- 正在导出表  videomgr.t_sysmgr_flow_log 的数据：~537 rows (大约)
/*!40000 ALTER TABLE `t_sysmgr_flow_log` DISABLE KEYS */;
INSERT INTO `t_sysmgr_flow_log` (`id`, `user_id`, `store_id`, `video_id`, `flow`, `create_time`) VALUES
	(1, 64, 101, 65, 5, '2016-01-13 15:31:34'),
	(2, 64, 101, 65, 5, '2016-01-13 15:31:35'),
	(3, 64, 101, 65, 5, '2016-01-13 15:31:35'),
	(4, 64, 101, 65, 5, '2016-01-13 15:31:35'),
	(5, 64, 101, 65, 5, '2016-01-13 15:31:35'),
	(6, 64, 101, 65, 5, '2016-01-13 15:31:36'),
	(7, 64, 101, 65, 5, '2016-01-13 15:35:59'),
	(8, 64, 101, 65, 5, '2016-01-13 15:35:59'),
	(9, 64, 101, 65, 5, '2016-01-13 15:35:59'),
	(10, 64, 101, 65, 5, '2016-01-13 15:35:59'),
	(11, 64, 101, 65, 5, '2016-01-13 15:35:59'),
	(12, 64, 101, 65, 5, '2016-01-13 15:35:59'),
	(13, 64, 101, 65, 5, '2016-01-13 17:04:48'),
	(14, 64, 101, 65, 5, '2016-01-13 17:04:48'),
	(15, 64, 101, 65, 5, '2016-01-13 17:04:48'),
	(16, 64, 101, 65, 5, '2016-01-13 17:04:48'),
	(17, 64, 101, 65, 5, '2016-01-13 17:04:48'),
	(18, 64, 101, 65, 5, '2016-01-13 17:04:48'),
	(19, 64, 101, 65, 5, '2016-01-13 17:04:48'),
	(20, 64, 101, 65, 5, '2016-01-13 17:04:48'),
	(21, 64, 101, 65, 5, '2016-01-13 17:04:49'),
	(22, 64, 101, 65, 5, '2016-01-13 17:04:49'),
	(23, 64, 101, 65, 5, '2016-01-13 17:04:49'),
	(24, 64, 101, 65, 5, '2016-01-13 17:04:49'),
	(25, 64, 101, 65, 5, '2016-01-13 17:04:49'),
	(26, 64, 101, 65, 5, '2016-01-13 17:04:49'),
	(27, 64, 101, 65, 5, '2016-01-13 17:04:49'),
	(28, 64, 101, 65, 5, '2016-01-13 17:04:49'),
	(29, 64, 101, 65, 5, '2016-01-13 17:04:50'),
	(30, 64, 101, 65, 5, '2016-01-13 17:04:50'),
	(31, 64, 101, 65, 5, '2016-01-13 17:04:50'),
	(32, 64, 101, 65, 5, '2016-01-13 17:04:50'),
	(33, 64, 101, 65, 5, '2016-01-13 17:04:50'),
	(34, 64, 101, 65, 5, '2016-01-13 17:04:50'),
	(35, 64, 101, 65, 5, '2016-01-13 17:04:50'),
	(36, 64, 101, 65, 5, '2016-01-13 17:04:50'),
	(37, 64, 101, 65, 5, '2016-01-13 17:04:51'),
	(38, 64, 101, 65, 5, '2016-01-13 17:04:51'),
	(39, 60, 103, 51, 5, '2016-01-13 17:06:51'),
	(40, 60, 103, 51, 5, '2016-01-13 17:06:51'),
	(41, 60, 103, 51, 5, '2016-01-13 17:06:51'),
	(42, 60, 103, 51, 5, '2016-01-13 17:06:52'),
	(43, 60, 103, 51, 5, '2016-01-13 17:06:52'),
	(44, 60, 103, 51, 5, '2016-01-13 17:06:52'),
	(45, 60, 103, 51, 5, '2016-01-13 17:06:52'),
	(46, 60, 103, 51, 5, '2016-01-13 17:06:53'),
	(47, 60, 103, 51, 5, '2016-01-13 17:06:53'),
	(48, 60, 103, 51, 5, '2016-01-13 17:06:53'),
	(49, 60, 103, 51, 5, '2016-01-13 17:06:53'),
	(50, 60, 103, 51, 5, '2016-01-13 17:06:53'),
	(51, 60, 103, 51, 5, '2016-01-13 17:06:53'),
	(52, 60, 103, 51, 5, '2016-01-13 17:06:53'),
	(53, 60, 103, 51, 5, '2016-01-13 17:06:53'),
	(54, 60, 103, 51, 5, '2016-01-13 17:06:53'),
	(55, 60, 103, 51, 5, '2016-01-13 17:06:54'),
	(56, 60, 103, 51, 5, '2016-01-13 17:06:54'),
	(57, 60, 103, 51, 5, '2016-01-13 17:06:54'),
	(58, 60, 103, 51, 5, '2016-01-13 17:06:54'),
	(59, 60, 103, 51, 5, '2016-01-13 17:06:54'),
	(60, 60, 103, 51, 5, '2016-01-13 17:06:54'),
	(61, 60, 103, 51, 5, '2016-01-13 17:06:54'),
	(62, 60, 103, 51, 5, '2016-01-13 17:06:55'),
	(63, 60, 103, 51, 5, '2016-01-13 17:06:55'),
	(64, 60, 103, 51, 5, '2016-01-13 17:06:55'),
	(65, 60, 103, 51, 5, '2016-01-13 17:06:55'),
	(66, 60, 103, 51, 5, '2016-01-13 17:06:55'),
	(67, 60, 103, 51, 5, '2016-01-13 17:06:55'),
	(68, 60, 103, 51, 5, '2016-01-13 17:06:55'),
	(69, 60, 103, 51, 5, '2016-01-13 17:06:55'),
	(70, 60, 103, 51, 5, '2016-01-13 17:06:55'),
	(71, 60, 103, 51, 5, '2016-01-13 17:06:55'),
	(72, 60, 103, 51, 5, '2016-01-13 17:06:56'),
	(73, 60, 103, 51, 5, '2016-01-13 17:06:56'),
	(74, 60, 103, 51, 5, '2016-01-13 17:06:56'),
	(75, 60, 103, 51, 5, '2016-01-13 17:06:56'),
	(76, 60, 103, 51, 5, '2016-01-13 17:06:56'),
	(77, 60, 103, 51, 5, '2016-01-13 17:06:56'),
	(78, 60, 103, 51, 5, '2016-01-13 17:06:56'),
	(79, 60, 103, 51, 5, '2016-01-13 17:06:56'),
	(80, 60, 103, 51, 5, '2016-01-13 17:06:57'),
	(81, 60, 103, 51, 5, '2016-01-13 17:06:57'),
	(82, 60, 103, 51, 5, '2016-01-13 17:06:57'),
	(83, 60, 103, 51, 5, '2016-01-13 17:06:57'),
	(84, 60, 103, 51, 5, '2016-01-13 17:06:57'),
	(85, 60, 103, 51, 5, '2016-01-13 17:06:57'),
	(86, 60, 103, 51, 5, '2016-01-13 17:06:57'),
	(87, 60, 103, 51, 5, '2016-01-13 17:06:57'),
	(88, 60, 103, 51, 5, '2016-01-13 17:06:57'),
	(89, 60, 103, 51, 5, '2016-01-13 17:06:57'),
	(90, 60, 103, 51, 5, '2016-01-13 17:06:57'),
	(91, 60, 103, 51, 5, '2016-01-13 17:06:58'),
	(92, 60, 103, 51, 5, '2016-01-13 17:06:58'),
	(93, 60, 103, 51, 5, '2016-01-13 17:06:58'),
	(94, 60, 103, 51, 5, '2016-01-13 17:06:58'),
	(95, 60, 103, 51, 5, '2016-01-13 17:06:58'),
	(96, 60, 103, 51, 5, '2016-01-13 17:06:58'),
	(97, 60, 103, 51, 5, '2016-01-13 17:06:58'),
	(98, 60, 103, 51, 5, '2016-01-13 17:06:58'),
	(99, 60, 103, 51, 5, '2016-01-13 17:06:59'),
	(100, 60, 103, 51, 5, '2016-01-13 17:06:59'),
	(101, 60, 103, 51, 5, '2016-01-13 17:06:59'),
	(102, 60, 103, 51, 5, '2016-01-13 17:06:59'),
	(103, 60, 103, 51, 5, '2016-01-13 17:06:59'),
	(104, 60, 103, 51, 5, '2016-01-13 17:06:59'),
	(105, 60, 103, 51, 5, '2016-01-13 17:06:59'),
	(106, 60, 103, 51, 5, '2016-01-13 17:06:59'),
	(107, 60, 103, 51, 5, '2016-01-13 17:06:59'),
	(108, 60, 103, 51, 5, '2016-01-13 17:07:00'),
	(109, 60, 103, 51, 5, '2016-01-13 17:07:00'),
	(110, 60, 103, 51, 5, '2016-01-13 17:07:00'),
	(111, 60, 103, 51, 5, '2016-01-13 17:07:00'),
	(112, 60, 103, 51, 5, '2016-01-13 17:07:00'),
	(113, 60, 103, 51, 5, '2016-01-13 17:07:00'),
	(114, 60, 103, 51, 5, '2016-01-13 17:07:00'),
	(115, 60, 103, 51, 5, '2016-01-13 17:07:01'),
	(116, 60, 103, 51, 5, '2016-01-13 17:07:01'),
	(117, 60, 103, 51, 5, '2016-01-13 17:07:01'),
	(118, 60, 103, 51, 5, '2016-01-13 17:07:01'),
	(119, 60, 103, 51, 5, '2016-01-13 17:07:01'),
	(120, 60, 103, 51, 5, '2016-01-13 17:07:01'),
	(121, 60, 103, 51, 5, '2016-01-13 17:07:01'),
	(122, 60, 103, 51, 5, '2016-01-13 17:07:01'),
	(123, 60, 103, 51, 5, '2016-01-13 17:07:01'),
	(124, 60, 103, 51, 5, '2016-01-13 17:07:02'),
	(125, 60, 103, 51, 5, '2016-01-13 17:07:02'),
	(126, 60, 103, 51, 5, '2016-01-13 17:12:47'),
	(127, 60, 103, 51, 5, '2016-01-13 17:12:47'),
	(128, 60, 103, 51, 5, '2016-01-13 17:12:47'),
	(129, 60, 103, 51, 5, '2016-01-13 17:12:47'),
	(130, 60, 103, 51, 5, '2016-01-13 17:12:48'),
	(131, 60, 103, 51, 5, '2016-01-13 17:12:48'),
	(132, 60, 103, 51, 5, '2016-01-13 17:12:48'),
	(133, 60, 103, 51, 5, '2016-01-13 17:12:48'),
	(134, 60, 103, 51, 5, '2016-01-13 17:12:48'),
	(135, 60, 103, 51, 5, '2016-01-13 17:12:48'),
	(136, 60, 103, 51, 5, '2016-01-13 17:12:48'),
	(137, 60, 103, 51, 5, '2016-01-13 17:12:48'),
	(138, 60, 103, 51, 5, '2016-01-13 17:12:49'),
	(139, 60, 103, 51, 5, '2016-01-13 17:12:49'),
	(140, 60, 103, 51, 5, '2016-01-13 17:12:49'),
	(141, 60, 103, 51, 5, '2016-01-13 17:12:49'),
	(142, 60, 103, 51, 5, '2016-01-13 17:12:49'),
	(143, 60, 103, 51, 5, '2016-01-13 17:12:49'),
	(144, 60, 103, 51, 5, '2016-01-13 17:12:49'),
	(145, 60, 103, 51, 5, '2016-01-13 17:12:49'),
	(146, 60, 103, 51, 5, '2016-01-13 17:12:50'),
	(147, 60, 103, 51, 5, '2016-01-13 17:12:50'),
	(148, 60, 103, 51, 5, '2016-01-13 17:12:50'),
	(149, 60, 103, 51, 5, '2016-01-13 17:12:50'),
	(150, 60, 103, 51, 5, '2016-01-13 17:12:50'),
	(151, 60, 103, 51, 5, '2016-01-13 17:12:50'),
	(152, 60, 103, 51, 5, '2016-01-13 17:12:50'),
	(153, 60, 103, 51, 5, '2016-01-13 17:12:51'),
	(154, 60, 103, 51, 5, '2016-01-13 17:12:51'),
	(155, 60, 103, 51, 5, '2016-01-13 17:12:51'),
	(156, 60, 103, 51, 5, '2016-01-13 17:12:51'),
	(157, 60, 103, 51, 5, '2016-01-13 17:12:51'),
	(158, 60, 103, 51, 5, '2016-01-13 17:12:51'),
	(159, 60, 103, 51, 5, '2016-01-13 17:12:51'),
	(160, 60, 103, 51, 5, '2016-01-13 17:12:51'),
	(161, 60, 103, 51, 5, '2016-01-13 17:12:51'),
	(162, 60, 103, 51, 5, '2016-01-13 17:12:52'),
	(163, 60, 103, 51, 5, '2016-01-13 17:12:52'),
	(164, 60, 103, 51, 5, '2016-01-13 17:12:52'),
	(165, 60, 103, 51, 5, '2016-01-13 17:12:52'),
	(166, 60, 103, 51, 5, '2016-01-13 17:12:52'),
	(167, 60, 103, 51, 5, '2016-01-13 17:12:52'),
	(168, 60, 103, 51, 5, '2016-01-13 17:12:52'),
	(169, 60, 103, 51, 5, '2016-01-13 17:12:52'),
	(170, 60, 103, 51, 5, '2016-01-13 17:12:53'),
	(171, 60, 103, 51, 5, '2016-01-13 17:12:53'),
	(172, 60, 103, 51, 5, '2016-01-13 17:12:53'),
	(173, 60, 103, 51, 5, '2016-01-13 17:12:53'),
	(174, 60, 103, 51, 5, '2016-01-13 17:12:53'),
	(175, 60, 103, 51, 5, '2016-01-13 17:12:53'),
	(176, 60, 103, 51, 5, '2016-01-13 17:12:53'),
	(177, 60, 103, 51, 5, '2016-01-13 17:12:53'),
	(178, 60, 103, 51, 5, '2016-01-13 17:12:53'),
	(179, 60, 103, 51, 5, '2016-01-13 17:12:54'),
	(180, 60, 103, 51, 5, '2016-01-13 17:12:54'),
	(181, 60, 103, 51, 5, '2016-01-13 17:12:54'),
	(182, 60, 103, 51, 5, '2016-01-13 17:12:54'),
	(183, 60, 103, 51, 5, '2016-01-13 17:12:54'),
	(184, 60, 103, 51, 5, '2016-01-13 17:12:54'),
	(185, 60, 103, 51, 5, '2016-01-13 17:12:54'),
	(186, 60, 103, 51, 5, '2016-01-13 17:12:54'),
	(187, 60, 103, 51, 5, '2016-01-13 17:12:54'),
	(188, 60, 103, 51, 5, '2016-01-13 17:12:55'),
	(189, 60, 103, 51, 5, '2016-01-13 17:12:55'),
	(190, 60, 103, 51, 5, '2016-01-13 17:12:55'),
	(191, 60, 103, 51, 5, '2016-01-13 17:12:55'),
	(192, 60, 103, 51, 5, '2016-01-13 17:12:55'),
	(193, 60, 103, 51, 5, '2016-01-13 17:12:55'),
	(194, 60, 103, 51, 5, '2016-01-13 17:12:55'),
	(195, 60, 103, 51, 5, '2016-01-13 17:12:55'),
	(196, 60, 103, 51, 5, '2016-01-13 17:12:56'),
	(197, 60, 103, 51, 5, '2016-01-13 17:12:56'),
	(198, 60, 103, 51, 5, '2016-01-13 17:12:56'),
	(199, 60, 103, 51, 5, '2016-01-13 17:12:56'),
	(200, 60, 103, 51, 5, '2016-01-13 17:12:56'),
	(201, 60, 103, 51, 5, '2016-01-13 17:12:56'),
	(202, 60, 103, 51, 5, '2016-01-13 17:12:56'),
	(203, 60, 103, 51, 5, '2016-01-13 17:12:56'),
	(204, 60, 103, 51, 5, '2016-01-13 17:12:56'),
	(205, 60, 103, 51, 5, '2016-01-13 17:12:57'),
	(206, 60, 103, 51, 5, '2016-01-13 17:12:57'),
	(207, 60, 103, 51, 5, '2016-01-13 17:12:57'),
	(208, 60, 103, 51, 5, '2016-01-13 17:12:57'),
	(209, 60, 103, 51, 5, '2016-01-13 17:12:57'),
	(210, 60, 103, 51, 5, '2016-01-13 17:12:57'),
	(211, 60, 103, 51, 5, '2016-01-13 17:12:57'),
	(212, 60, 103, 51, 5, '2016-01-13 17:12:57'),
	(213, 60, 103, 51, 5, '2016-01-13 17:12:58'),
	(214, 60, 103, 51, 5, '2016-01-13 17:12:58'),
	(215, 60, 103, 51, 5, '2016-01-13 17:12:58'),
	(216, 60, 103, 51, 5, '2016-01-13 17:12:58'),
	(217, 60, 103, 51, 5, '2016-01-13 17:12:58'),
	(218, 60, 103, 51, 5, '2016-01-13 17:12:58'),
	(219, 60, 103, 51, 5, '2016-01-13 17:12:58'),
	(220, 60, 103, 51, 5, '2016-01-13 17:12:58'),
	(221, 60, 103, 51, 5, '2016-01-13 17:12:58'),
	(222, 60, 103, 51, 5, '2016-01-13 17:12:59'),
	(223, 60, 103, 51, 5, '2016-01-13 17:12:59'),
	(224, 60, 103, 51, 5, '2016-01-13 17:12:59'),
	(225, 60, 103, 51, 5, '2016-01-13 17:12:59'),
	(226, 60, 103, 51, 5, '2016-01-13 17:12:59'),
	(227, 60, 103, 51, 5, '2016-01-13 17:12:59'),
	(228, 60, 103, 51, 5, '2016-01-13 17:12:59'),
	(229, 60, 103, 51, 5, '2016-01-13 17:13:00'),
	(230, 60, 103, 51, 5, '2016-01-13 17:13:00'),
	(231, 60, 103, 51, 5, '2016-01-13 17:13:00'),
	(232, 60, 103, 51, 5, '2016-01-13 17:13:00'),
	(233, 60, 103, 51, 5, '2016-01-13 17:13:00'),
	(234, 60, 103, 51, 5, '2016-01-13 17:13:00'),
	(235, 60, 103, 51, 5, '2016-01-13 17:13:00'),
	(236, 60, 103, 51, 5, '2016-01-13 17:13:00'),
	(237, 60, 103, 51, 5, '2016-01-13 17:13:01'),
	(238, 60, 103, 51, 5, '2016-01-13 17:13:01'),
	(239, 60, 103, 51, 5, '2016-01-13 17:13:01'),
	(240, 60, 103, 51, 5, '2016-01-13 17:13:01'),
	(241, 60, 103, 51, 5, '2016-01-13 17:13:01'),
	(242, 60, 103, 51, 5, '2016-01-13 17:13:01'),
	(243, 60, 103, 51, 5, '2016-01-13 17:13:01'),
	(244, 60, 103, 51, 5, '2016-01-13 17:13:02'),
	(245, 60, 103, 51, 5, '2016-01-13 17:13:02'),
	(246, 60, 103, 51, 5, '2016-01-13 17:13:02'),
	(247, 60, 103, 51, 5, '2016-01-13 17:13:02'),
	(248, 60, 103, 51, 5, '2016-01-13 17:13:02'),
	(249, 60, 103, 51, 5, '2016-01-13 17:13:02'),
	(250, 60, 103, 51, 5, '2016-01-13 17:13:02'),
	(251, 60, 103, 51, 5, '2016-01-13 17:13:02'),
	(252, 60, 103, 51, 5, '2016-01-13 17:13:03'),
	(253, 60, 103, 51, 5, '2016-01-13 17:13:03'),
	(254, 60, 103, 51, 5, '2016-01-13 17:13:03'),
	(255, 60, 103, 51, 5, '2016-01-13 17:13:03'),
	(256, 60, 103, 51, 5, '2016-01-13 17:13:03'),
	(257, 60, 103, 51, 5, '2016-01-13 17:13:03'),
	(258, 60, 103, 51, 5, '2016-01-13 17:13:03'),
	(259, 60, 103, 51, 5, '2016-01-13 17:13:03'),
	(260, 60, 103, 51, 5, '2016-01-13 17:13:03'),
	(261, 60, 103, 51, 5, '2016-01-13 17:13:04'),
	(262, 60, 103, 51, 5, '2016-01-13 17:13:04'),
	(263, 60, 103, 51, 5, '2016-01-13 17:13:04'),
	(264, 60, 103, 51, 5, '2016-01-13 17:13:04'),
	(265, 60, 103, 51, 5, '2016-01-13 17:13:04'),
	(266, 60, 103, 51, 5, '2016-01-13 17:13:04'),
	(267, 60, 103, 51, 5, '2016-01-13 17:13:04'),
	(268, 60, 103, 51, 5, '2016-01-13 17:13:04'),
	(269, 60, 103, 51, 5, '2016-01-13 17:13:05'),
	(270, 60, 103, 51, 5, '2016-01-13 17:13:05'),
	(271, 60, 103, 51, 5, '2016-01-13 17:13:05'),
	(272, 60, 103, 51, 5, '2016-01-13 17:13:05'),
	(273, 60, 103, 51, 5, '2016-01-13 17:13:05'),
	(274, 60, 103, 51, 5, '2016-01-13 17:13:05'),
	(275, 60, 103, 51, 5, '2016-01-13 17:13:05'),
	(276, 60, 103, 51, 5, '2016-01-13 17:13:05'),
	(277, 60, 103, 51, 5, '2016-01-13 17:13:06'),
	(278, 60, 103, 51, 5, '2016-01-13 17:13:06'),
	(279, 60, 103, 51, 5, '2016-01-13 17:13:06'),
	(280, 60, 103, 51, 5, '2016-01-13 17:13:06'),
	(281, 60, 103, 51, 5, '2016-01-13 17:13:06'),
	(282, 60, 103, 51, 5, '2016-01-13 17:13:06'),
	(283, 60, 103, 51, 5, '2016-01-13 17:13:06'),
	(284, 60, 103, 51, 5, '2016-01-13 17:13:06'),
	(285, 60, 103, 51, 5, '2016-01-13 17:13:07'),
	(286, 60, 103, 51, 5, '2016-01-13 17:13:07'),
	(287, 60, 103, 51, 5, '2016-01-13 17:13:07'),
	(288, 60, 103, 51, 5, '2016-01-13 17:13:07'),
	(289, 60, 103, 51, 5, '2016-01-13 17:13:07'),
	(290, 60, 103, 51, 5, '2016-01-13 17:13:07'),
	(291, 60, 103, 51, 5, '2016-01-13 17:13:07'),
	(292, 60, 103, 51, 5, '2016-01-13 17:13:07'),
	(293, 60, 103, 51, 5, '2016-01-13 17:13:08'),
	(294, 60, 103, 51, 5, '2016-01-13 17:13:08'),
	(295, 60, 103, 51, 5, '2016-01-13 17:13:08'),
	(296, 60, 103, 51, 5, '2016-01-13 17:13:08'),
	(297, 60, 103, 51, 5, '2016-01-13 17:13:08'),
	(298, 60, 103, 51, 5, '2016-01-13 17:13:08'),
	(299, 60, 103, 51, 5, '2016-01-13 17:13:08'),
	(300, 60, 103, 51, 5, '2016-01-13 17:13:08'),
	(301, 60, 103, 51, 5, '2016-01-13 17:13:09'),
	(302, 60, 103, 51, 5, '2016-01-13 17:13:09'),
	(303, 60, 103, 51, 5, '2016-01-13 17:13:09'),
	(304, 60, 103, 51, 5, '2016-01-13 17:13:09'),
	(305, 60, 103, 51, 5, '2016-01-13 17:13:09'),
	(306, 60, 103, 51, 5, '2016-01-13 17:13:09'),
	(307, 64, 101, 65, 5, '2016-01-13 17:24:50'),
	(308, 64, 101, 65, 5, '2016-01-13 17:24:50'),
	(309, 64, 101, 65, 5, '2016-01-13 17:24:50'),
	(310, 64, 101, 65, 5, '2016-01-13 17:24:50'),
	(311, 64, 101, 65, 5, '2016-01-13 17:24:50'),
	(312, 64, 101, 65, 5, '2016-01-13 17:24:50'),
	(313, 64, 101, 65, 5, '2016-01-13 17:24:50'),
	(314, 64, 101, 65, 5, '2016-01-13 17:24:50'),
	(315, 64, 101, 65, 5, '2016-01-13 17:24:51'),
	(316, 64, 101, 65, 5, '2016-01-13 17:24:51'),
	(317, 64, 101, 65, 5, '2016-01-13 17:24:51'),
	(318, 64, 101, 65, 5, '2016-01-13 17:24:51'),
	(319, 64, 101, 65, 5, '2016-01-13 17:24:51'),
	(320, 64, 101, 65, 5, '2016-01-13 17:24:51'),
	(321, 64, 101, 65, 5, '2016-01-13 17:24:51'),
	(322, 64, 101, 65, 5, '2016-01-13 17:24:51'),
	(323, 64, 101, 65, 5, '2016-01-13 17:24:52'),
	(324, 64, 101, 65, 5, '2016-01-13 17:24:52'),
	(325, 64, 101, 65, 5, '2016-01-13 17:24:52'),
	(326, 64, 101, 65, 5, '2016-01-13 17:24:52'),
	(327, 64, 101, 65, 5, '2016-01-13 17:24:52'),
	(328, 64, 101, 65, 5, '2016-01-13 17:24:52'),
	(329, 64, 101, 65, 5, '2016-01-13 17:24:52'),
	(330, 64, 101, 65, 5, '2016-01-13 17:24:52'),
	(331, 64, 101, 65, 5, '2016-01-13 17:24:53'),
	(332, 64, 101, 65, 5, '2016-01-13 17:24:53'),
	(333, 64, 101, 65, 5, '2016-01-13 17:24:57'),
	(334, 64, 101, 65, 5, '2016-01-13 17:24:57'),
	(335, 64, 101, 65, 5, '2016-01-13 17:24:57'),
	(336, 64, 101, 65, 5, '2016-01-13 17:24:57'),
	(337, 64, 101, 65, 5, '2016-01-13 17:24:57'),
	(338, 64, 101, 65, 5, '2016-01-13 17:24:57'),
	(339, 64, 101, 65, 5, '2016-01-13 17:24:57'),
	(340, 64, 101, 65, 5, '2016-01-13 17:24:58'),
	(341, 64, 101, 65, 5, '2016-01-13 17:24:58'),
	(342, 64, 101, 65, 5, '2016-01-13 17:24:58'),
	(343, 64, 101, 65, 5, '2016-01-13 17:24:58'),
	(344, 64, 101, 65, 5, '2016-01-13 17:24:58'),
	(345, 64, 101, 65, 5, '2016-01-13 17:24:58'),
	(346, 64, 101, 65, 5, '2016-01-13 17:24:58'),
	(347, 64, 101, 65, 5, '2016-01-13 17:24:58'),
	(348, 64, 101, 65, 5, '2016-01-13 17:24:59'),
	(349, 64, 101, 65, 5, '2016-01-13 17:24:59'),
	(350, 64, 101, 65, 5, '2016-01-13 17:24:59'),
	(351, 64, 101, 65, 5, '2016-01-13 17:24:59'),
	(352, 64, 101, 65, 5, '2016-01-13 17:24:59'),
	(353, 64, 101, 65, 5, '2016-01-13 17:24:59'),
	(354, 64, 101, 65, 5, '2016-01-13 17:24:59'),
	(355, 64, 101, 65, 5, '2016-01-13 17:24:59'),
	(356, 64, 101, 65, 5, '2016-01-13 17:25:00'),
	(357, 64, 101, 65, 5, '2016-01-13 17:25:00'),
	(358, 64, 101, 65, 5, '2016-01-13 17:25:00'),
	(359, 60, 103, 51, 5, '2016-01-13 17:25:04'),
	(360, 60, 103, 51, 5, '2016-01-13 17:25:04'),
	(361, 60, 103, 51, 5, '2016-01-13 17:25:04'),
	(362, 60, 103, 51, 5, '2016-01-13 17:25:05'),
	(363, 60, 103, 51, 5, '2016-01-13 17:25:05'),
	(364, 60, 103, 51, 5, '2016-01-13 17:25:05'),
	(365, 60, 103, 51, 5, '2016-01-13 17:25:05'),
	(366, 60, 103, 51, 5, '2016-01-13 17:25:05'),
	(367, 60, 103, 51, 5, '2016-01-13 17:25:05'),
	(368, 60, 103, 51, 5, '2016-01-13 17:25:05'),
	(369, 60, 103, 51, 5, '2016-01-13 17:25:05'),
	(370, 60, 103, 51, 5, '2016-01-13 17:25:06'),
	(371, 60, 103, 51, 5, '2016-01-13 17:28:39'),
	(372, 60, 103, 51, 5, '2016-01-13 17:28:39'),
	(373, 60, 103, 51, 5, '2016-01-13 17:28:40'),
	(374, 60, 103, 51, 5, '2016-01-13 17:28:40'),
	(375, 60, 103, 51, 5, '2016-01-13 17:28:40'),
	(376, 60, 103, 51, 5, '2016-01-13 17:28:40'),
	(377, 60, 103, 51, 5, '2016-01-13 17:28:40'),
	(378, 60, 103, 51, 5, '2016-01-13 17:28:40'),
	(379, 60, 103, 51, 5, '2016-01-13 17:28:40'),
	(380, 60, 103, 51, 5, '2016-01-13 17:28:40'),
	(381, 60, 103, 51, 5, '2016-01-13 17:28:41'),
	(382, 60, 103, 51, 5, '2016-01-13 17:28:41'),
	(383, 60, 103, 51, 5, '2016-01-13 17:28:41'),
	(384, 60, 103, 51, 5, '2016-01-13 17:28:41'),
	(385, 60, 103, 51, 5, '2016-01-13 17:28:41'),
	(386, 60, 103, 51, 5, '2016-01-13 17:28:42'),
	(387, 60, 103, 51, 5, '2016-01-13 17:28:42'),
	(388, 60, 103, 51, 5, '2016-01-13 17:28:42'),
	(389, 60, 103, 51, 5, '2016-01-13 17:28:42'),
	(390, 60, 103, 51, 5, '2016-01-13 17:28:43'),
	(391, 60, 103, 51, 5, '2016-01-13 17:28:43'),
	(392, 60, 103, 51, 5, '2016-01-13 17:28:43'),
	(393, 60, 103, 51, 5, '2016-01-13 17:28:43'),
	(394, 60, 103, 51, 5, '2016-01-13 17:29:47'),
	(395, 60, 103, 51, 5, '2016-01-13 17:29:48'),
	(396, 60, 103, 51, 5, '2016-01-13 17:29:48'),
	(397, 60, 103, 51, 5, '2016-01-13 17:29:48'),
	(398, 60, 103, 51, 5, '2016-01-13 17:29:48'),
	(399, 60, 103, 51, 5, '2016-01-13 17:29:48'),
	(400, 60, 103, 51, 5, '2016-01-13 17:29:49'),
	(401, 60, 103, 51, 5, '2016-01-13 17:29:49'),
	(402, 60, 103, 51, 5, '2016-01-13 17:29:49'),
	(403, 60, 103, 51, 5, '2016-01-13 17:29:49'),
	(404, 60, 103, 51, 5, '2016-01-13 17:29:49'),
	(405, 60, 103, 51, 5, '2016-01-13 17:29:49'),
	(406, 60, 103, 51, 5, '2016-01-13 17:29:49'),
	(407, 60, 103, 51, 5, '2016-01-13 17:29:50'),
	(408, 60, 103, 51, 5, '2016-01-13 17:29:50'),
	(409, 60, 103, 51, 5, '2016-01-13 17:29:50'),
	(410, 60, 103, 51, 5, '2016-01-13 17:29:50'),
	(411, 60, 103, 51, 5, '2016-01-13 17:29:50'),
	(412, 60, 103, 51, 5, '2016-01-13 17:29:53'),
	(413, 60, 103, 51, 5, '2016-01-13 17:29:53'),
	(414, 60, 103, 51, 5, '2016-01-13 17:29:54'),
	(415, 60, 103, 51, 5, '2016-01-13 17:29:54'),
	(416, 60, 103, 51, 5, '2016-01-13 17:29:54'),
	(417, 60, 103, 51, 5, '2016-01-13 17:29:54'),
	(418, 60, 103, 51, 5, '2016-01-13 17:29:54'),
	(419, 60, 103, 51, 5, '2016-01-13 17:29:54'),
	(420, 60, 103, 51, 5, '2016-01-13 17:29:55'),
	(421, 60, 103, 51, 5, '2016-01-13 17:29:55'),
	(422, 60, 103, 51, 5, '2016-01-13 17:29:55'),
	(423, 60, 103, 51, 5, '2016-01-13 17:29:55'),
	(424, 60, 103, 51, 5, '2016-01-13 17:29:55'),
	(425, 60, 103, 51, 5, '2016-01-13 17:29:55'),
	(426, 60, 103, 51, 5, '2016-01-13 17:29:55'),
	(427, 60, 103, 51, 5, '2016-01-13 17:29:55'),
	(428, 60, 103, 51, 5, '2016-01-13 17:39:03'),
	(429, 60, 103, 51, 5, '2016-01-13 17:39:03'),
	(430, 60, 103, 51, 5, '2016-01-13 17:39:03'),
	(431, 60, 103, 51, 5, '2016-01-13 17:39:03'),
	(432, 60, 103, 51, 5, '2016-01-13 17:39:03'),
	(433, 60, 103, 51, 5, '2016-01-13 17:39:04'),
	(434, 60, 103, 51, 5, '2016-01-13 17:39:04'),
	(435, 60, 103, 51, 5, '2016-01-13 17:39:04'),
	(436, 60, 103, 51, 5, '2016-01-13 17:39:04'),
	(437, 60, 103, 51, 5, '2016-01-13 17:39:04'),
	(438, 60, 103, 51, 5, '2016-01-13 17:39:04'),
	(439, 60, 103, 51, 5, '2016-01-13 17:39:05'),
	(440, 60, 103, 51, 5, '2016-01-13 17:39:05'),
	(441, 60, 100, 58, 5, '2016-01-18 16:46:06'),
	(442, 60, 100, 58, 5, '2016-01-18 16:46:06'),
	(443, 60, 100, 58, 5, '2016-01-18 16:46:06'),
	(444, 60, 100, 58, 5, '2016-01-18 16:46:06'),
	(445, 60, 100, 58, 5, '2016-01-18 16:46:06'),
	(446, 60, 100, 58, 5, '2016-01-18 16:46:06'),
	(447, 60, 100, 58, 5, '2016-01-18 16:46:06'),
	(448, 60, 100, 58, 5, '2016-01-18 16:46:07'),
	(449, 60, 100, 58, 5, '2016-01-18 16:46:07'),
	(450, 60, 100, 58, 5, '2016-01-18 16:46:07'),
	(451, 60, 100, 58, 5, '2016-01-18 16:46:07'),
	(452, 60, 100, 58, 5, '2016-01-18 16:46:07'),
	(453, 60, 100, 58, 5, '2016-01-18 16:46:07'),
	(454, 60, 100, 58, 5, '2016-01-18 16:46:07'),
	(455, 60, 100, 51, 5, '2016-01-18 16:47:10'),
	(456, 60, 100, 51, 5, '2016-01-18 16:47:10'),
	(457, 60, 100, 51, 5, '2016-01-18 16:47:10'),
	(458, 60, 100, 51, 5, '2016-01-18 16:47:10'),
	(459, 60, 100, 51, 5, '2016-01-18 16:47:10'),
	(460, 60, 100, 51, 5, '2016-01-18 16:47:10'),
	(461, 60, 100, 51, 5, '2016-01-18 16:47:10'),
	(462, 60, 100, 51, 5, '2016-01-18 16:47:11'),
	(463, 60, 100, 51, 5, '2016-01-18 16:47:11'),
	(464, 60, 100, 51, 5, '2016-01-18 16:47:11'),
	(465, 60, 100, 51, 5, '2016-01-18 16:47:11'),
	(466, 60, 100, 51, 5, '2016-01-18 16:47:11'),
	(467, 60, 100, 51, 5, '2016-01-18 16:47:11'),
	(468, 60, 100, 51, 5, '2016-01-18 16:47:11'),
	(469, 60, 100, 51, 5, '2016-01-18 16:47:11'),
	(470, 60, 100, 51, 5, '2016-01-18 16:47:12'),
	(471, 60, 100, 51, 5, '2016-01-18 16:47:12'),
	(472, 60, 100, 51, 5, '2016-01-18 16:47:12'),
	(473, 60, 100, 51, 5, '2016-01-18 16:47:12'),
	(474, 60, 100, 51, 5, '2016-01-18 16:47:12'),
	(475, 60, 100, 51, 5, '2016-01-18 16:47:12'),
	(476, 60, 100, 51, 5, '2016-01-18 16:47:12'),
	(477, 60, 100, 51, 5, '2016-01-18 16:47:12'),
	(478, 60, 100, 51, 5, '2016-01-18 16:47:13'),
	(479, 60, 100, 51, 5, '2016-01-18 16:47:13'),
	(480, 60, 100, 51, 5, '2016-01-18 16:47:13'),
	(481, 60, 100, 51, 5, '2016-01-18 16:47:13'),
	(482, 60, 100, 51, 5, '2016-01-18 16:47:13'),
	(483, 60, 100, 51, 5, '2016-01-18 16:47:13'),
	(484, 60, 100, 51, 5, '2016-01-18 16:47:13'),
	(485, 60, 100, 51, 5, '2016-01-18 16:47:13'),
	(486, 60, 100, 51, 5, '2016-01-18 16:47:14'),
	(487, 60, 100, 51, 5, '2016-01-18 16:47:14'),
	(488, 60, 100, 51, 5, '2016-01-18 16:47:14'),
	(489, 60, 100, 51, 5, '2016-01-18 16:47:14'),
	(490, 60, 100, 51, 5, '2016-01-18 16:47:14'),
	(491, 60, 100, 51, 5, '2016-01-18 16:47:14'),
	(492, 60, 100, 51, 5, '2016-01-18 16:47:14'),
	(493, 60, 100, 51, 5, '2016-01-18 16:49:55'),
	(494, 60, 100, 51, 5, '2016-01-18 16:49:55'),
	(495, 60, 100, 51, 5, '2016-01-18 16:49:55'),
	(496, 60, 100, 51, 5, '2016-01-18 16:49:55'),
	(497, 60, 100, 51, 5, '2016-01-18 16:49:55'),
	(498, 60, 100, 51, 5, '2016-01-18 16:49:56'),
	(499, 60, 100, 51, 5, '2016-01-18 16:49:56'),
	(500, 60, 100, 51, 5, '2016-01-18 16:49:56'),
	(501, 60, 100, 51, 5, '2016-01-18 16:49:56'),
	(502, 60, 100, 51, 5, '2016-01-18 16:49:56'),
	(503, 60, 100, 51, 5, '2016-01-18 16:49:56'),
	(504, 60, 100, 51, 5, '2016-01-18 16:49:56'),
	(505, 60, 100, 51, 5, '2016-01-18 16:49:56'),
	(506, 60, 100, 51, 5, '2016-01-18 16:49:57'),
	(507, 60, 100, 51, 5, '2016-01-18 16:49:57'),
	(508, 60, 100, 51, 5, '2016-01-18 16:49:57'),
	(509, 60, 100, 51, 5, '2016-01-18 16:49:57'),
	(510, 60, 100, 51, 5, '2016-01-18 16:49:57'),
	(511, 60, 100, 51, 5, '2016-01-18 16:49:57'),
	(512, 60, 100, 51, 5, '2016-01-18 16:49:57'),
	(513, 60, 100, 51, 5, '2016-01-18 16:49:57'),
	(514, 60, 100, 51, 5, '2016-01-18 16:49:58'),
	(515, 60, 100, 51, 5, '2016-01-18 16:49:58'),
	(516, 60, 100, 51, 5, '2016-01-18 16:49:58'),
	(517, 60, 100, 51, 5, '2016-01-18 16:49:58'),
	(518, 60, 100, 51, 5, '2016-01-18 16:49:58'),
	(519, 60, 100, 51, 5, '2016-01-18 16:49:58'),
	(520, 60, 100, 51, 5, '2016-01-18 16:49:58'),
	(521, 60, 100, 51, 5, '2016-01-18 16:49:58'),
	(522, 60, 100, 51, 5, '2016-01-18 16:49:59'),
	(523, 60, 100, 51, 5, '2016-01-18 16:49:59'),
	(524, 60, 100, 51, 5, '2016-01-18 16:49:59'),
	(525, 60, 100, 51, 5, '2016-01-18 16:49:59'),
	(526, 60, 100, 51, 5, '2016-01-18 16:49:59'),
	(527, 60, 100, 51, 5, '2016-01-18 16:49:59'),
	(528, 60, 100, 51, 5, '2016-01-18 16:49:59'),
	(529, 60, 100, 51, 5, '2016-01-18 16:49:59'),
	(530, 60, 100, 51, 5, '2016-01-18 16:50:00'),
	(531, 60, 100, 51, 5, '2016-01-18 16:50:00'),
	(532, 60, 100, 51, 5, '2016-01-18 16:50:00'),
	(533, 60, 100, 51, 5, '2016-01-18 16:50:00'),
	(534, 60, 100, 51, 5, '2016-01-18 16:50:00'),
	(535, 60, 100, 51, 5, '2016-01-18 16:50:00'),
	(536, 60, 100, 51, 5, '2016-01-18 16:50:00'),
	(537, 60, 100, 51, 5, '2016-01-18 16:50:00'),
	(538, 60, 100, 51, 5, '2016-01-18 16:50:01'),
	(539, 60, 100, 51, 5, '2016-01-18 16:50:01'),
	(540, 60, 100, 51, 5, '2016-01-18 16:50:01'),
	(541, 60, 100, 51, 5, '2016-01-18 16:50:01'),
	(542, 60, 100, 51, 5, '2016-01-18 16:50:01'),
	(543, 46, 108, 59, 2.74, '2016-02-16 10:49:31'),
	(544, 46, 108, 59, 2.74, '2016-02-24 14:47:30'),
	(545, 46, 108, 59, 2.74, '2016-02-24 14:48:17'),
	(546, 46, 108, 59, 2.74, '2016-02-24 15:14:53'),
	(547, 46, 108, 59, 1.37, '2016-02-24 15:17:20'),
	(548, 46, 108, 59, 2.74, '2016-02-24 15:18:54'),
	(549, 46, 108, 59, 2.74, '2016-02-24 15:23:25'),
	(550, 46, 108, 59, 2.74, '2016-02-24 15:25:58'),
	(551, 46, 108, 59, 2.74, '2016-02-24 15:29:09'),
	(552, 46, 108, 59, 2.74, '2016-02-24 15:40:39'),
	(553, 46, 108, 59, 2.74, '2016-02-24 15:43:39'),
	(554, 46, 108, 59, 2.74, '2016-02-24 16:49:36'),
	(555, 46, 108, 59, 2.74, '2016-02-24 17:32:10'),
	(556, 46, 108, 59, 2.74, '2016-02-24 17:32:31'),
	(557, 46, 108, 59, 2.74, '2016-02-24 17:32:53'),
	(558, 46, 108, 59, 2.74, '2016-02-24 17:33:14'),
	(559, 46, 108, 59, 2.74, '2016-03-06 17:58:24'),
	(560, 46, 108, 59, 2.74, '2016-03-06 17:58:59'),
	(561, 83, 112, 89, 5, '2016-03-11 14:19:46'),
	(562, 83, 112, 89, 5, '2016-03-11 14:24:44'),
	(563, 83, 112, 89, 5, '2016-03-11 14:24:45'),
	(564, 83, 112, 89, 0.51, '2016-03-11 14:24:45'),
	(565, 83, 114, 89, 5, '2016-03-15 10:45:37'),
	(566, 83, 114, 89, 5.51, '2016-03-15 10:45:37');
/*!40000 ALTER TABLE `t_sysmgr_flow_log` ENABLE KEYS */;


-- 导出  表 videomgr.t_sysmgr_operation 结构
CREATE TABLE IF NOT EXISTS `t_sysmgr_operation` (
  `id` int(11) NOT NULL AUTO_INCREMENT,
  `shortcut` int(11) DEFAULT NULL COMMENT '操作简称',
  `name` varchar(200) DEFAULT NULL COMMENT '操作名称',
  `create_time` timestamp NOT NULL DEFAULT CURRENT_TIMESTAMP ON UPDATE CURRENT_TIMESTAMP COMMENT '创建时间',
  PRIMARY KEY (`id`)
) ENGINE=InnoDB AUTO_INCREMENT=3 DEFAULT CHARSET=utf8 COMMENT='操作定义表';

-- 正在导出表  videomgr.t_sysmgr_operation 的数据：~2 rows (大约)
/*!40000 ALTER TABLE `t_sysmgr_operation` DISABLE KEYS */;
INSERT INTO `t_sysmgr_operation` (`id`, `shortcut`, `name`, `create_time`) VALUES
	(1, 1, 'list', '2015-04-16 03:40:24'),
	(2, 2, 'create', '2015-08-07 05:06:36');
/*!40000 ALTER TABLE `t_sysmgr_operation` ENABLE KEYS */;


-- 导出  表 videomgr.t_sysmgr_package 结构
CREATE TABLE IF NOT EXISTS `t_sysmgr_package` (
  `id` int(11) NOT NULL AUTO_INCREMENT COMMENT '流水号',
  `name` varchar(255) NOT NULL COMMENT '套餐名字',
  `package_type` int(10) unsigned NOT NULL DEFAULT '1' COMMENT '套餐类型',
  `player_num` int(10) unsigned NOT NULL DEFAULT '0' COMMENT '播放器数量',
  `video_num` int(10) unsigned NOT NULL DEFAULT '0' COMMENT '视频数量',
  `product_num` int(10) unsigned NOT NULL DEFAULT '0' COMMENT '产品数量',
  `price` float unsigned NOT NULL DEFAULT '0' COMMENT '价格',
  `duration` int(10) unsigned NOT NULL DEFAULT '0' COMMENT '周期时长（单位：月）',
  `flow_num` float unsigned NOT NULL DEFAULT '0' COMMENT '流量',
  `month_flow_price` float unsigned NOT NULL DEFAULT '0' COMMENT '没有流量费用',
  `create_time` timestamp NOT NULL DEFAULT '1978-01-01 08:00:00' COMMENT '创建时间',
  `update_time` timestamp NOT NULL DEFAULT '1978-01-01 08:00:00' COMMENT '更新时间',
  PRIMARY KEY (`id`) USING BTREE
) ENGINE=InnoDB AUTO_INCREMENT=22 DEFAULT CHARSET=utf8 COMMENT='套餐表';

-- 正在导出表  videomgr.t_sysmgr_package 的数据：~9 rows (大约)
/*!40000 ALTER TABLE `t_sysmgr_package` DISABLE KEYS */;
INSERT INTO `t_sysmgr_package` (`id`, `name`, `package_type`, `player_num`, `video_num`, `product_num`, `price`, `duration`, `flow_num`, `month_flow_price`, `create_time`, `update_time`) VALUES
	(1, '免月费套餐', 1, 3, 9, 2, 0.01, 6, 1, 0, '2015-08-10 23:59:34', '2016-03-08 12:15:08'),
	(2, '基本套餐', 1, 5, 5, 10, 0.01, 12, 1, 0, '2015-08-12 22:57:19', '2015-11-02 14:58:37'),
	(3, '超级套餐', 1, 5, 10, 3, 2000, 6, 1, 2000, '2015-08-14 06:59:07', '2015-11-27 12:45:47'),
	(4, '白金套餐', 1, 5, 10, 3, 2000, 11, 1, 0, '2015-08-14 06:59:07', '2016-03-08 12:18:26'),
	(17, '流量套餐1', 2, 1000, 1000, 1000, 0.1, 12, 100, 0, '2015-09-30 15:11:21', '2016-03-08 12:01:04'),
	(18, '流量套餐2', 2, 0, 0, 0, 0, 0, 0, 0, '2015-09-30 16:11:21', '2016-03-08 12:01:12'),
	(19, '流量套餐3', 2, 3000000, 7, 0, 0.07, 1, 0.01, 0, '2015-09-30 16:13:57', '2016-03-08 12:01:19'),
	(20, '流量套餐4', 2, 0, 0, 0, 0, 0, 0, 0, '2015-09-30 17:25:28', '2016-03-08 12:01:24'),
	(21, '流量套餐5', 2, 5, 5, 10, 0.01, 6, 1000, 0, '2015-10-03 13:36:50', '2016-03-08 12:01:29');
/*!40000 ALTER TABLE `t_sysmgr_package` ENABLE KEYS */;


-- 导出  表 videomgr.t_sysmgr_package_stat 结构
CREATE TABLE IF NOT EXISTS `t_sysmgr_package_stat` (
  `id` int(11) NOT NULL AUTO_INCREMENT,
  `user_id` int(10) unsigned NOT NULL COMMENT '用户id',
  `package_id` int(10) unsigned NOT NULL DEFAULT '0' COMMENT '套餐id',
  `player_num` int(10) unsigned NOT NULL DEFAULT '0' COMMENT '使用的播放器数量',
  `video_num` int(10) unsigned NOT NULL DEFAULT '0' COMMENT '使用的视频数量',
  `product_num` int(10) unsigned NOT NULL DEFAULT '0' COMMENT '使用的产品数量',
  `flow_num` float NOT NULL DEFAULT '0' COMMENT '开通流量数',
  `used_flow_num` float NOT NULL DEFAULT '0' COMMENT '使用流量数',
  `used_flow_count_time` datetime DEFAULT '1978-01-01 08:00:00' COMMENT '流量最后统计时间',
  `duration` int(10) unsigned NOT NULL DEFAULT '0' COMMENT '时长',
  `send_notify` int(10) unsigned NOT NULL DEFAULT '0' COMMENT '是否发送邮件通知',
  `start_time` datetime DEFAULT NULL COMMENT '开始时间',
  `end_time` datetime DEFAULT NULL COMMENT '结束时间',
  `create_time` timestamp NOT NULL DEFAULT '1978-01-01 08:00:00' COMMENT '创建时间',
  `update_time` timestamp NOT NULL DEFAULT '1978-01-01 08:00:00' COMMENT '更新时间',
  PRIMARY KEY (`id`),
  KEY `idx_uid` (`user_id`)
) ENGINE=InnoDB AUTO_INCREMENT=83 DEFAULT CHARSET=utf8 COMMENT='用户套餐状态';

-- 正在导出表  videomgr.t_sysmgr_package_stat 的数据：~60 rows (大约)
/*!40000 ALTER TABLE `t_sysmgr_package_stat` DISABLE KEYS */;
INSERT INTO `t_sysmgr_package_stat` (`id`, `user_id`, `package_id`, `player_num`, `video_num`, `product_num`, `flow_num`, `used_flow_num`, `used_flow_count_time`, `duration`, `send_notify`, `start_time`, `end_time`, `create_time`, `update_time`) VALUES
	(1, 2, 1, 5, 6, 7, 0, 0, '2016-03-18 17:31:45', 6, 3, '2015-09-15 11:42:27', '2016-03-15 11:42:27', '1978-01-01 08:00:00', '2015-09-15 11:43:14'),
	(2, 20, 1, 1, 1, 2, 0, 0, '2016-03-18 17:31:45', 12, 2, '2015-09-22 14:43:35', '2016-09-22 14:43:35', '1978-01-01 08:00:00', '2015-11-17 09:39:26'),
	(3, 19, 1, 0, 0, 0, 0, 0, '2016-03-18 17:31:45', 6, 3, '2015-09-12 22:09:58', '2016-03-12 22:09:58', '1978-01-01 08:00:00', '2015-09-12 22:10:41'),
	(4, 21, 1, 1, 0, 1, 0, 0, '2016-03-18 17:31:45', 12, 2, '2015-09-23 11:01:43', '2016-09-23 11:01:43', '1978-01-01 08:00:00', '2015-10-29 14:47:49'),
	(5, 22, 1, 0, 1, 1, 0, 0, '2016-03-18 17:31:45', 12, 2, '2015-09-17 09:33:33', '2016-09-17 09:33:33', '1978-01-01 08:00:00', '2015-10-30 16:15:28'),
	(7, 24, 0, 0, 0, 0, 0, 0, '2016-03-18 17:31:45', 0, 2, NULL, NULL, '1978-01-01 08:00:00', '1978-01-01 08:00:00'),
	(8, 25, 1, 10, 10, 10, 0, 0, '2016-03-18 17:31:45', 12, 2, '2015-09-15 21:11:05', '2016-09-15 21:11:05', '1978-01-01 08:00:00', '2015-09-16 05:11:36'),
	(9, 26, 0, 0, 0, 0, 0, 0, '2016-03-18 17:31:45', 0, 2, NULL, NULL, '1978-01-01 08:00:00', '1978-01-01 08:00:00'),
	(10, 27, 1, 1, 2, 1, 0, 0, '2016-03-18 17:31:45', 12, 2, '2015-09-22 11:01:40', '2016-09-22 11:01:40', '1978-01-01 08:00:00', '2015-11-12 16:25:37'),
	(11, 28, 1, 2, 1, 2, 0, 0, '2016-03-18 17:31:45', 12, 2, '2015-09-22 14:43:13', '2016-09-22 14:43:13', '1978-01-01 08:00:00', '2015-10-04 23:00:39'),
	(12, 29, 0, 0, 0, 0, 0, 0, '2016-03-18 17:31:45', 0, 2, NULL, NULL, '1978-01-01 08:00:00', '1978-01-01 08:00:00'),
	(13, 1, 1, 0, 0, 0, 0, 0, '2016-03-18 17:31:45', 12, 2, '2015-09-17 08:39:47', '2016-09-17 08:39:47', '2015-09-17 15:07:46', '2015-09-17 16:40:18'),
	(14, 30, 0, 0, 0, 0, 0, 0, '2016-03-18 17:31:45', 0, 2, NULL, NULL, '1978-01-01 08:00:00', '1978-01-01 08:00:00'),
	(15, 31, 0, 0, 0, 0, 0, 0, '2016-03-18 17:31:45', 0, 2, NULL, NULL, '1978-01-01 08:00:00', '1978-01-01 08:00:00'),
	(16, 32, 0, 0, 0, 0, 0, 0, '2016-03-18 17:31:45', 0, 2, NULL, NULL, '1978-01-01 08:00:00', '1978-01-01 08:00:00'),
	(17, 33, 0, 0, 0, 0, 0, 0, '2016-03-18 17:31:45', 0, 2, NULL, NULL, '1978-01-01 08:00:00', '1978-01-01 08:00:00'),
	(18, 34, 0, 0, 0, 0, 0, 0, '2016-03-18 17:31:45', 0, 2, NULL, NULL, '1978-01-01 08:00:00', '1978-01-01 08:00:00'),
	(19, 35, 0, 0, 0, 0, 0, 0, '2016-03-18 17:31:45', 0, 2, NULL, NULL, '1978-01-01 08:00:00', '1978-01-01 08:00:00'),
	(20, 36, 1, 0, 0, 0, 0, 0, '2016-03-18 17:31:45', 12, 2, '2015-09-26 13:58:37', '2016-09-26 13:58:37', '1978-01-01 08:00:00', '2015-09-26 13:58:38'),
	(21, 37, 1, 0, 0, 0, 0, 0, '2016-03-18 17:31:45', 12, 2, '2015-09-26 16:33:43', '2016-09-26 16:33:43', '1978-01-01 08:00:00', '2015-09-26 16:33:45'),
	(22, 38, 1, 0, 0, 0, 0, 0, '2016-03-18 17:31:45', 12, 2, '2015-09-27 01:58:52', '2016-09-27 01:58:52', '1978-01-01 08:00:00', '2015-09-26 17:58:51'),
	(23, 39, 0, 0, 0, 0, 0, 0, '2016-03-18 17:31:45', 0, 2, NULL, NULL, '1978-01-01 08:00:00', '1978-01-01 08:00:00'),
	(27, 40, 0, 0, 0, 0, 0, 0, '2016-03-18 17:31:45', 0, 2, NULL, NULL, '1978-01-01 08:00:00', '1978-01-01 08:00:00'),
	(28, 41, 0, 0, 0, 0, 0, 0, '2016-03-18 17:31:45', 0, 2, NULL, NULL, '1978-01-01 08:00:00', '1978-01-01 08:00:00'),
	(29, 42, 0, 0, 0, 0, 0, 0, '2016-03-18 17:31:45', 0, 2, NULL, NULL, '1978-01-01 08:00:00', '1978-01-01 08:00:00'),
	(30, 43, 0, 0, 0, 0, 0, 0, '2016-03-18 17:31:45', 0, 2, NULL, NULL, '1978-01-01 08:00:00', '1978-01-01 08:00:00'),
	(31, 44, 0, 0, 0, 0, 0, 0, '2016-03-18 17:31:45', 0, 2, NULL, NULL, '1978-01-01 08:00:00', '1978-01-01 08:00:00'),
	(32, 45, 0, 0, 0, 0, 0, 0, '2016-03-18 17:31:45', 0, 2, NULL, NULL, '1978-01-01 08:00:00', '1978-01-01 08:00:00'),
	(33, 46, 1, 3, 5, 5, 999999, 47.95, '2016-03-18 17:31:45', 0, 2, '1978-01-01 08:00:00', '2017-01-01 08:00:00', '1978-01-01 08:00:00', '2016-03-11 17:14:45'),
	(34, 47, 0, 0, 0, 0, 0, 0, '2016-03-18 17:31:45', 0, 2, NULL, NULL, '1978-01-01 08:00:00', '1978-01-01 08:00:00'),
	(35, 48, 0, 0, 0, 0, 0, 0, '2016-03-18 17:31:45', 0, 2, NULL, NULL, '1978-01-01 08:00:00', '1978-01-01 08:00:00'),
	(36, 49, 0, 0, 0, 0, 0, 0, '2016-03-18 17:31:45', 0, 2, NULL, NULL, '1978-01-01 08:00:00', '1978-01-01 08:00:00'),
	(38, 51, 0, 0, 0, 0, 0, 0, '2016-03-18 17:31:45', 0, 2, NULL, NULL, '1978-01-01 08:00:00', '1978-01-01 08:00:00'),
	(39, 52, 1, 1, 1, 1, 34252400, 0, '2016-03-18 17:31:45', 0, 0, '1978-01-01 08:00:00', '2017-01-01 08:00:00', '1978-01-01 08:00:00', '2015-12-04 11:06:46'),
	(40, 53, 0, 0, 0, 0, 0, 0, '2016-03-18 17:31:45', 0, 2, NULL, NULL, '1978-01-01 08:00:00', '1978-01-01 08:00:00'),
	(41, 54, 0, 0, 0, 0, 0, 0, '2016-03-18 17:31:45', 0, 2, NULL, NULL, '1978-01-01 08:00:00', '1978-01-01 08:00:00'),
	(42, 55, 0, 0, 0, 0, 0, 0, '2016-03-18 17:31:45', 0, 2, NULL, NULL, '1978-01-01 08:00:00', '1978-01-01 08:00:00'),
	(43, 56, 0, 0, 0, 0, 0, 0, '2016-03-18 17:31:45', 0, 2, NULL, NULL, '1978-01-01 08:00:00', '1978-01-01 08:00:00'),
	(44, 57, 0, 0, 0, 0, 0, 0, '2016-03-18 17:31:45', 0, 2, NULL, NULL, '1978-01-01 08:00:00', '1978-01-01 08:00:00'),
	(46, 59, 0, 0, 0, 0, 0, 0, '2016-03-18 17:31:45', 0, 2, NULL, NULL, '1978-01-01 08:00:00', '1978-01-01 08:00:00'),
	(47, 60, 2, 5, 9, 9, 1024, 2260, '2016-03-18 17:31:45', 0, 0, '2015-11-25 13:55:01', '2016-11-25 13:55:03', '1978-01-01 08:00:00', '2016-01-18 16:49:56'),
	(48, 61, 0, 0, 0, 0, 0, 0, '2016-03-18 17:31:45', 0, 2, NULL, NULL, '1978-01-01 08:00:00', '1978-01-01 08:00:00'),
	(49, 62, 0, 0, 0, 0, 0, 0, '2016-03-18 17:31:45', 0, 2, NULL, NULL, '1978-01-01 08:00:00', '1978-01-01 08:00:00'),
	(50, 63, 0, 0, 0, 0, 0, 0, '2016-03-18 17:31:45', 0, 2, NULL, NULL, '1978-01-01 08:00:00', '1978-01-01 08:00:00'),
	(65, 77, 0, 0, 0, 0, 0, 0, '2016-03-18 17:31:45', 0, 0, NULL, NULL, '1978-01-01 08:00:00', '1978-01-01 08:00:00'),
	(66, 78, 0, 0, 0, 0, 0, 0, '2016-03-18 17:31:45', 0, 0, NULL, NULL, '1978-01-01 08:00:00', '1978-01-01 08:00:00'),
	(67, 79, 1, 0, 0, 0, 1048580, 0, '2016-03-18 17:31:45', 0, 0, '1979-01-01 00:00:00', '2017-01-01 00:00:00', '1978-01-01 08:00:00', '1978-01-01 08:00:00'),
	(68, 80, 0, 0, 0, 0, 0, 0, '2016-03-18 17:31:45', 0, 0, NULL, NULL, '1978-01-01 08:00:00', '1978-01-01 08:00:00'),
	(70, 76, 1, 1, 1, 0, 1048580, 0, '2016-03-18 17:31:45', 0, 0, '2015-11-25 13:55:01', '2016-11-25 13:55:03', '2016-01-20 13:41:43', '2016-02-24 14:44:15'),
	(71, 81, 0, 0, 0, 0, 0, 0, '2016-03-18 17:31:45', 0, 0, NULL, NULL, '1978-01-01 08:00:00', '1978-01-01 08:00:00'),
	(72, 82, 0, 0, 0, 0, 0, 0, '2016-03-18 17:31:45', 0, 0, NULL, NULL, '1978-01-01 08:00:00', '1978-01-01 08:00:00'),
	(73, 83, 3, 3, 3, 6, 1048580, 26.02, '2016-03-18 17:31:45', 0, 0, '2016-03-11 14:01:34', '2017-03-11 14:01:36', '1978-01-01 08:00:00', '2016-03-16 17:11:15'),
	(74, 84, 3, 0, 0, 0, 1048580, 0, '2016-03-18 17:31:45', 0, 0, '2016-03-11 14:00:47', '2017-03-11 14:00:49', '1978-01-01 08:00:00', '1978-01-01 08:00:00'),
	(75, 85, 0, 0, 0, 0, 0, 0, '2016-03-18 17:31:45', 0, 0, NULL, NULL, '1978-01-01 08:00:00', '1978-01-01 08:00:00'),
	(76, 86, 0, 0, 0, 0, 0, 0, '2016-03-18 17:31:45', 0, 0, NULL, NULL, '1978-01-01 08:00:00', '1978-01-01 08:00:00'),
	(77, 87, 0, 0, 0, 0, 0, 0, '2016-03-18 17:31:45', 0, 0, NULL, NULL, '1978-01-01 08:00:00', '1978-01-01 08:00:00'),
	(78, 88, 0, 0, 0, 0, 0, 0, '2016-03-18 17:31:45', 0, 0, NULL, NULL, '1978-01-01 08:00:00', '1978-01-01 08:00:00'),
	(79, 89, 0, 0, 0, 0, 0, 0, '2016-03-18 17:31:45', 0, 0, NULL, NULL, '1978-01-01 08:00:00', '1978-01-01 08:00:00'),
	(80, 90, 0, 0, 0, 0, 0, 0, '2016-03-18 17:31:45', 0, 0, NULL, NULL, '1978-01-01 08:00:00', '1978-01-01 08:00:00'),
	(81, 91, 0, 0, 0, 0, 0, 0, '2016-03-18 17:31:45', 0, 0, NULL, NULL, '1978-01-01 08:00:00', '1978-01-01 08:00:00'),
	(82, 92, 0, 0, 0, 0, 0, 0, '2016-03-18 17:31:45', 0, 0, NULL, NULL, '1978-01-01 08:00:00', '1978-01-01 08:00:00');
/*!40000 ALTER TABLE `t_sysmgr_package_stat` ENABLE KEYS */;


-- 导出  表 videomgr.t_sysmgr_privilege 结构
CREATE TABLE IF NOT EXISTS `t_sysmgr_privilege` (
  `id` int(11) NOT NULL AUTO_INCREMENT COMMENT '权限id',
  `resource_id` int(11) DEFAULT NULL COMMENT '资源id',
  `operation_id` int(11) DEFAULT NULL COMMENT '操作id',
  `role_id` int(11) DEFAULT NULL COMMENT '角色id',
  `create_time` timestamp NOT NULL DEFAULT CURRENT_TIMESTAMP ON UPDATE CURRENT_TIMESTAMP COMMENT '创建时间',
  PRIMARY KEY (`id`),
  KEY `operation_id` (`operation_id`),
  KEY `resource_id` (`resource_id`),
  KEY `role_id` (`role_id`)
) ENGINE=InnoDB AUTO_INCREMENT=50 DEFAULT CHARSET=utf8 COMMENT='权限管理表';

-- 正在导出表  videomgr.t_sysmgr_privilege 的数据：~47 rows (大约)
/*!40000 ALTER TABLE `t_sysmgr_privilege` DISABLE KEYS */;
INSERT INTO `t_sysmgr_privilege` (`id`, `resource_id`, `operation_id`, `role_id`, `create_time`) VALUES
	(1, 1, 1, 1, '2015-04-16 03:44:27'),
	(2, 2, 1, 1, '2015-04-16 03:44:27'),
	(3, 3, 1, 1, '2015-04-16 03:44:27'),
	(4, 4, 1, 1, '2015-04-16 03:44:27'),
	(5, 5, 1, 1, '2015-04-16 03:44:27'),
	(6, 6, 1, 1, '2015-04-16 03:44:27'),
	(7, 7, 1, 1, '2015-07-05 17:32:52'),
	(8, 8, 1, 1, '2015-07-05 17:33:01'),
	(9, 9, 1, 1, '2015-07-05 17:34:40'),
	(10, 13, 1, 1, '2015-07-23 20:04:05'),
	(11, 14, 1, 1, '2015-07-23 20:13:14'),
	(12, 15, 1, 1, '2015-07-23 20:13:27'),
	(13, 16, 1, 1, '2015-07-31 00:06:12'),
	(14, 17, 1, 1, '2015-07-31 00:06:17'),
	(15, 18, 1, 1, '2015-07-31 00:06:21'),
	(16, 19, 1, 1, '2015-07-31 00:06:30'),
	(17, 20, 1, 1, '2015-07-31 00:06:37'),
	(18, 21, 1, 1, '2015-07-31 00:06:54'),
	(19, 22, 1, 1, '2015-07-31 00:06:58'),
	(20, 23, 1, 1, '2015-07-31 00:07:01'),
	(21, 24, 1, 1, '2015-07-31 00:07:05'),
	(22, 25, 1, 1, '2015-07-31 00:07:09'),
	(23, 26, 1, 1, '2015-07-31 00:07:22'),
	(24, 1, 1, 0, '2015-08-07 00:45:46'),
	(25, 2, 1, 0, '2015-08-07 00:45:52'),
	(26, 27, 1, 1, '2015-08-07 23:35:39'),
	(28, 3, 1, 3, '2015-08-07 23:42:34'),
	(29, 3, 2, 3, '2015-08-07 23:42:34'),
	(30, 27, 1, 3, '2015-08-07 23:42:34'),
	(32, 1, 1, 4, '2015-08-09 01:11:02'),
	(33, 1, 2, 4, '2015-08-09 01:11:02'),
	(34, 2, 1, 4, '2015-08-09 01:11:02'),
	(35, 2, 2, 4, '2015-08-09 01:11:02'),
	(36, 3, 1, 4, '2015-08-09 01:11:02'),
	(37, 3, 2, 4, '2015-08-09 01:11:02'),
	(38, 4, 1, 4, '2015-08-09 01:11:02'),
	(39, 4, 2, 4, '2015-08-09 01:11:02'),
	(40, 5, 1, 4, '2015-08-09 01:11:02'),
	(41, 5, 2, 4, '2015-08-09 01:11:02'),
	(42, 1, 1, 4, '2015-08-09 01:12:11'),
	(43, 1, 2, 4, '2015-08-09 01:12:11'),
	(44, 2, 1, 4, '2015-08-09 01:12:11'),
	(45, 2, 2, 4, '2015-08-09 01:12:11'),
	(46, 3, 1, 4, '2015-08-09 01:12:11'),
	(47, 3, 2, 4, '2015-08-09 01:12:11'),
	(48, 4, 1, 4, '2015-08-09 01:12:11'),
	(49, 4, 2, 4, '2015-08-09 01:12:11');
/*!40000 ALTER TABLE `t_sysmgr_privilege` ENABLE KEYS */;


-- 导出  表 videomgr.t_sysmgr_product_info 结构
CREATE TABLE IF NOT EXISTS `t_sysmgr_product_info` (
  `Id` int(11) NOT NULL AUTO_INCREMENT,
  `partner_product_id` int(11) NOT NULL DEFAULT '0' COMMENT '第三方后台产品id',
  `name` varchar(255) DEFAULT NULL COMMENT '产品名',
  `code` varchar(255) DEFAULT NULL COMMENT '产品编码',
  `user_id` int(11) NOT NULL DEFAULT '0' COMMENT '产品拥有者ID',
  `category_id` int(11) NOT NULL DEFAULT '0' COMMENT '分类Id',
  `category_path` varchar(255) DEFAULT NULL COMMENT '分类路径',
  `brand_id` int(11) DEFAULT '0' COMMENT '品牌类型',
  `short_desciption` varchar(255) DEFAULT NULL COMMENT '简短广告词',
  `photo_url1` varchar(255) DEFAULT NULL COMMENT '产品图片1',
  `photo_url2` varchar(255) DEFAULT NULL COMMENT '产品图片2',
  `photo_url3` varchar(255) DEFAULT NULL COMMENT '产品图片3',
  `photo_url4` varchar(255) DEFAULT NULL COMMENT '产品图片4',
  `photo_url5` varchar(255) DEFAULT NULL COMMENT '产品图片5',
  `type` int(11) DEFAULT '0' COMMENT '产品类型',
  `store_id` int(11) NOT NULL DEFAULT '0' COMMENT '关联店铺ID',
  `mark_price` int(11) DEFAULT '0' COMMENT '市场价',
  `price` int(11) DEFAULT '0' COMMENT '产品价格',
  `attr_color` varchar(255) DEFAULT NULL COMMENT '颜色属性',
  `attr_size` varchar(255) DEFAULT NULL COMMENT '大小属性',
  `min_sale_price` int(11) NOT NULL DEFAULT '0' COMMENT '最小销售价',
  `hasSKU` varchar(255) DEFAULT NULL COMMENT '产品SKU',
  `visti_count` int(11) NOT NULL DEFAULT '0',
  `sale_count` int(11) NOT NULL DEFAULT '0' COMMENT '销售量',
  `freight_template_id` int(11) NOT NULL DEFAULT '0' COMMENT '运费模版',
  `weight` int(11) DEFAULT '0' COMMENT '产品重量，单位为KG',
  `volume` float(4,2) NOT NULL DEFAULT '0.00' COMMENT '体积',
  `reserve` int(11) DEFAULT '0' COMMENT '产品库存',
  `status` int(11) DEFAULT '1' COMMENT '产品销售状态，0、注销；1、在线',
  `audit_status` int(11) NOT NULL DEFAULT '0' COMMENT '审核状态；0、未审核，1、已审核',
  `sort` int(11) NOT NULL DEFAULT '0' COMMENT '显示顺序',
  `ext` varchar(255) DEFAULT NULL COMMENT '产品扩展',
  `create_time` timestamp NOT NULL DEFAULT CURRENT_TIMESTAMP ON UPDATE CURRENT_TIMESTAMP COMMENT '创建时间',
  PRIMARY KEY (`Id`)
) ENGINE=InnoDB AUTO_INCREMENT=6 DEFAULT CHARSET=utf8 COMMENT='产品表';

-- 正在导出表  videomgr.t_sysmgr_product_info 的数据：~5 rows (大约)
/*!40000 ALTER TABLE `t_sysmgr_product_info` DISABLE KEYS */;
INSERT INTO `t_sysmgr_product_info` (`Id`, `partner_product_id`, `name`, `code`, `user_id`, `category_id`, `category_path`, `brand_id`, `short_desciption`, `photo_url1`, `photo_url2`, `photo_url3`, `photo_url4`, `photo_url5`, `type`, `store_id`, `mark_price`, `price`, `attr_color`, `attr_size`, `min_sale_price`, `hasSKU`, `visti_count`, `sale_count`, `freight_template_id`, `weight`, `volume`, `reserve`, `status`, `audit_status`, `sort`, `ext`, `create_time`) VALUES
	(1, 0, '苹果', NULL, 2, 0, NULL, 0, NULL, 'http://vip.189.cn/oc/static/img/touch/apple-touch-icon-57x57-precomposed.png', '', '', '', '', 2, 0, 0, 10, '"name":"颜色","value":"[红色，绿色，黄色]"', '"name":"大小","value":"[4*4,5*5]"', 0, NULL, 0, 0, 0, 5, 0.00, 12, 1, 0, 0, NULL, '2015-09-04 12:10:49'),
	(2, 0, '电动牙刷', NULL, 2, 0, NULL, 0, NULL, 'https://picazt.blob.core.chinacloudapi.cn/testupload/w570c31.jpg', NULL, NULL, NULL, NULL, 3, 0, 0, 0, 'green', '0.2cm * 0.1cm', 0, NULL, 0, 0, 0, 1, 0.00, 5, -1, 0, 0, NULL, '2015-08-31 11:08:39'),
	(3, 0, '空调', NULL, 2, 0, NULL, 0, NULL, 'https://picazt.blob.core.chinacloudapi.cn/videoimg/546141a5fc024cd0bee5705ed537e22c.jpg', NULL, NULL, NULL, NULL, 3, 0, 0, 300, 'black', '0.1cm * 0.3cm', 0, NULL, 0, 0, 0, 18, 0.00, 99, 1, 0, 0, NULL, '2015-08-31 11:08:42'),
	(4, 0, '电吹风', NULL, 2, 0, NULL, 0, NULL, 'https://picazt.blob.core.chinacloudapi.cn/videoimg/546141a5fc024cd0bee5705ed537e22c.jpg', NULL, NULL, NULL, NULL, 5, 0, 0, 60, 'black', '0.2cm * 0.1cm', 0, NULL, 0, 0, 0, 1, 0.00, 99, 1, 0, 0, NULL, '2015-08-31 11:08:45'),
	(5, 0, '通天塔', NULL, 2, 0, NULL, 0, NULL, 'w', 'w', 'w', 'w', 'w', 2, 0, 0, 2, NULL, NULL, 0, NULL, 0, 0, 0, 3, 0.00, 3, -1, 0, 0, NULL, '2015-09-06 16:33:14');
/*!40000 ALTER TABLE `t_sysmgr_product_info` ENABLE KEYS */;


-- 导出  表 videomgr.t_sysmgr_product_order 结构
CREATE TABLE IF NOT EXISTS `t_sysmgr_product_order` (
  `Id` int(11) NOT NULL AUTO_INCREMENT,
  `channel_id` varchar(255) DEFAULT '0' COMMENT '交易流水号',
  `order_id` varchar(255) DEFAULT '0' COMMENT '订单ID',
  `buyers_id` int(20) DEFAULT '0' COMMENT '买家ID',
  `buyers_name` varchar(255) DEFAULT NULL COMMENT '买家名字',
  `buyers_delete` tinyint(4) DEFAULT '0' COMMENT '买家逻辑删除 0:未删除 1:已删除',
  `seller_id` int(11) DEFAULT '0' COMMENT '卖家ID',
  `seller_name` varchar(255) DEFAULT NULL COMMENT '卖家名',
  `product_id` varchar(1000) DEFAULT NULL COMMENT '（产品SKU）遍历',
  `product_name` varchar(1000) DEFAULT NULL COMMENT '产品名',
  `quantitys` varchar(800) DEFAULT NULL COMMENT '（数量）遍历',
  `price` float(12,2) NOT NULL DEFAULT '0.00' COMMENT '订单金额',
  `amount` int(11) NOT NULL DEFAULT '0' COMMENT '产品数量',
  `to_province` varchar(60) DEFAULT NULL COMMENT '省',
  `to_city` varchar(60) DEFAULT NULL COMMENT '市',
  `to_area` varchar(60) DEFAULT NULL COMMENT '区',
  `to_address` varchar(255) DEFAULT NULL COMMENT '收货地址',
  `to_mail` varchar(255) DEFAULT NULL COMMENT '收货邮箱',
  `to_zip_code` varchar(40) DEFAULT NULL COMMENT '邮政编码',
  `to_mobile` varchar(50) DEFAULT NULL COMMENT '收货人手机号',
  `back_mobile` varchar(50) DEFAULT NULL COMMENT '退货手机号',
  `back_mail` varchar(50) DEFAULT NULL COMMENT '退货邮箱',
  `back_address` varchar(255) DEFAULT NULL COMMENT '退货地址',
  `attr_color` varchar(255) DEFAULT NULL COMMENT '颜色属性',
  `attr_size` varchar(255) DEFAULT NULL COMMENT '大小属性',
  `order_status` int(10) NOT NULL DEFAULT '0' COMMENT '支付状态 0、未支付；1、支付；2、完成；3、已关闭',
  `deliver_status` int(10) NOT NULL DEFAULT '0' COMMENT '送货状态 0、未送货；1、已送货未到达；2、已收货；3退货；4、延期',
  `pay_type` int(10) unsigned NOT NULL DEFAULT '0' COMMENT '支付类型',
  `pay_for` int(10) unsigned NOT NULL DEFAULT '0' COMMENT '付款原因(区别套餐还是订单)',
  `logistics_num` varchar(255) DEFAULT NULL COMMENT '物流单号',
  `logistics_company` varchar(255) DEFAULT '0' COMMENT '物流公司',
  `attr` varchar(1000) DEFAULT NULL COMMENT '属性，遍历成str插入',
  `create_time` timestamp NOT NULL DEFAULT CURRENT_TIMESTAMP ON UPDATE CURRENT_TIMESTAMP COMMENT '创建时间',
  `cannel_time` datetime DEFAULT NULL COMMENT '撤单时间',
  `wx_prepay_id` varchar(100) DEFAULT NULL COMMENT '微信预支付订单号',
  `wxcode_img_url` varchar(100) DEFAULT NULL COMMENT '微信支付图片url',
  `wxcode_update_time` datetime DEFAULT NULL COMMENT '微信支付码更新时间',
  `out_order_id` varchar(100) DEFAULT NULL COMMENT '支付方订单号',
  PRIMARY KEY (`Id`),
  KEY `idx_oid` (`order_id`)
) ENGINE=InnoDB AUTO_INCREMENT=417 DEFAULT CHARSET=utf8 COMMENT='订单表';

-- 正在导出表  videomgr.t_sysmgr_product_order 的数据：~92 rows (大约)
/*!40000 ALTER TABLE `t_sysmgr_product_order` DISABLE KEYS */;
INSERT INTO `t_sysmgr_product_order` (`Id`, `channel_id`, `order_id`, `buyers_id`, `buyers_name`, `buyers_delete`, `seller_id`, `seller_name`, `product_id`, `product_name`, `quantitys`, `price`, `amount`, `to_province`, `to_city`, `to_area`, `to_address`, `to_mail`, `to_zip_code`, `to_mobile`, `back_mobile`, `back_mail`, `back_address`, `attr_color`, `attr_size`, `order_status`, `deliver_status`, `pay_type`, `pay_for`, `logistics_num`, `logistics_company`, `attr`, `create_time`, `cannel_time`, `wx_prepay_id`, `wxcode_img_url`, `wxcode_update_time`, `out_order_id`) VALUES
	(325, '1444115955713outorder', 'dea8116710a94605b964661274e62374', 123, '彭思航', 0, 2, '罗更新', '319_620_610_78,318_58_0_64', 'DT版电脑,Doris测试小米', '1,2', 0.46, 0, NULL, NULL, NULL, '福华一路115号投行大厦502云鹏正曜', '116212507@qq.com', '518000', '18938630601', NULL, NULL, NULL, NULL, NULL, 0, 1, 0, 1, '229340756417', 'shentong', '319,红色;15寸;i7 CPU/独显', '2015-10-10 22:09:15', NULL, NULL, NULL, NULL, NULL),
	(326, '1444116787353outorder', 'a99cb20715c9422f9493cbac9dfa9428', 123, '彭思航', 0, 2, '罗更新', '319_620_610_78', 'DT版电脑', '1', 0.14, 0, NULL, NULL, NULL, '福华一路115号投行大厦502云鹏正曜', '116212507@qq.com', '518000', '18938630601', NULL, NULL, NULL, NULL, NULL, 0, 0, 0, 1, NULL, '0', '319,红色;15寸;i7 CPU/独显', '2015-10-06 15:29:15', NULL, NULL, NULL, NULL, NULL),
	(327, '1444124396207outorder', '8765851fc6c745c3be451b3c95f19e99', 123, '周海英', 0, 2, '罗更新', '319_619_611_76,318_62_0_63', 'DT版电脑,Doris测试小米', '1,2', 0.09, 0, NULL, NULL, NULL, '的说法是服务', 'hairry.come@qq.com', '445771', '15875589605', NULL, NULL, NULL, NULL, NULL, 0, 0, 0, 1, NULL, '0', '319,i3 CPU', '2015-10-06 17:36:04', NULL, NULL, NULL, NULL, NULL),
	(328, '1444124401170outorder', 'afc5afca477b49698f9658f6d03f1102', 123, '周海英', 0, 2, '罗更新', '319_619_611_76,318_62_0_63', 'DT版电脑,Doris测试小米', '1,2', 0.09, 0, NULL, NULL, NULL, '的说法是服务', 'hairry.come@qq.com', '445771', '18922488893', NULL, NULL, NULL, NULL, NULL, 0, 0, 0, 1, NULL, '0', '319,i3 CPU', '2015-12-14 11:06:36', NULL, 'wx2015121411110484a14633e50520915554', '/payimg/16c29cfca80c452587af2a9204d2e37b.gif', '2015-12-14 11:11:23', NULL),
	(329, '1444124631345outorder', '94a716a7b65644249e2ab359aa878874', 123, '周海英', 0, 2, '罗更新', '318_60_0_63', 'Doris测试小米', '1', 0.02, 0, NULL, NULL, NULL, '放到底是', 'hairry.come@qq.com', '4564323', '15875589605', NULL, NULL, NULL, NULL, NULL, 0, 0, 0, 1, NULL, '0', '318,非合约机', '2015-12-14 11:50:28', NULL, 'wx20151214115458dc225e4c190267981252', '/payimg/6ac0a9307a76471683b365896d9fa11e.gif', '2015-12-14 11:55:15', NULL),
	(330, '1444124634300outorder', 'ea0d9ff6de2c427ca773ef160115f6ca', 123, '周海英', 0, 2, '罗更新', '318_60_0_63', 'Doris测试小米', '1', 0.02, 0, NULL, NULL, NULL, '放到底是', 'hairry.come@qq.com', '4564323', '15875589605', NULL, NULL, NULL, NULL, NULL, 0, 0, 0, 1, NULL, '0', '318,非合约机', '2015-12-14 11:57:30', NULL, 'wx201512141202019afca40d3f0196294330', '/payimg/ffb20022eaff4f7fb7cd65f1ab900f62.gif', '2015-12-14 12:02:18', NULL),
	(331, '1444124634887outorder', '5dee896063e1413d87d22ab6ea81fc64', 123, '周海英', 0, 2, '罗更新', '318_60_0_63', 'Doris测试小米', '1', 0.02, 0, NULL, NULL, NULL, '放到底是', 'hairry.come@qq.com', '4564323', '15875589605', NULL, NULL, NULL, NULL, NULL, 0, 0, 0, 1, NULL, '0', '318,非合约机', '2015-10-06 17:39:58', NULL, NULL, NULL, NULL, NULL),
	(332, '1444124635088outorder', '45471e9e469f4ef3a492280f2a83e682', 123, '周海英', 0, 2, '罗更新', '318_60_0_63', 'Doris测试小米', '1', 0.02, 0, NULL, NULL, NULL, '放到底是', 'hairry.come@qq.com', '4564323', '15875589605', NULL, NULL, NULL, NULL, NULL, 0, 0, 0, 1, NULL, '0', '318,非合约机', '2015-10-06 17:39:58', NULL, NULL, NULL, NULL, NULL),
	(333, '', '8c7659ca71344d47877ee9e1fdf3e337', 20, NULL, 0, 1, NULL, '1', '免月费套餐', '1', 0.01, 1, NULL, NULL, NULL, '', NULL, NULL, '', NULL, NULL, NULL, NULL, NULL, 0, 0, 0, 2, NULL, '0', NULL, '2015-10-07 15:32:37', NULL, NULL, NULL, NULL, NULL),
	(334, '', '55e3cd6795e84db4880be7080bca7013', 20, NULL, 0, 1, NULL, '1', '免月费套餐', '1', 0.01, 1, NULL, NULL, NULL, '', NULL, NULL, '', NULL, NULL, NULL, NULL, NULL, 0, 0, 0, 2, NULL, '0', NULL, '2015-10-07 15:39:19', NULL, NULL, NULL, NULL, NULL),
	(335, '', 'bdf4d62fbbf04ae98fa9db3382828132', 20, NULL, 0, 1, NULL, '1', '免月费套餐', '1', 0.01, 1, NULL, NULL, NULL, '', NULL, NULL, '', NULL, NULL, NULL, NULL, NULL, 0, 0, 0, 2, NULL, '0', NULL, '2015-10-07 15:40:47', NULL, NULL, NULL, NULL, NULL),
	(336, '', '1716ca85efb94db096a65776f366fd61', 20, NULL, 0, 1, NULL, '17', '无名套餐', '1', 0.20, 1, NULL, NULL, NULL, '', NULL, NULL, '', NULL, NULL, NULL, NULL, NULL, 0, 0, 0, 2, NULL, '0', NULL, '2015-10-08 15:31:15', NULL, NULL, NULL, NULL, NULL),
	(337, '', '68bd1b96b72b41228e4c7acd50b7db4a', 20, NULL, 0, 1, NULL, '17', '无名套餐', '1', 0.20, 1, NULL, NULL, NULL, '', NULL, NULL, '', NULL, NULL, NULL, NULL, NULL, 0, 0, 0, 2, NULL, '0', NULL, '2015-10-08 15:35:05', NULL, NULL, NULL, NULL, NULL),
	(338, '', '75de947f16204b9086b65ffe53172d10', 20, NULL, 0, 1, NULL, '17', '无名套餐', '1', 0.20, 1, NULL, NULL, NULL, '', NULL, NULL, '', NULL, NULL, NULL, NULL, NULL, 0, 0, 0, 2, NULL, '0', NULL, '2015-10-08 15:38:37', NULL, NULL, NULL, NULL, NULL),
	(339, '', '4f9b3d0be27b4095a07c3ce11031cc5a', 20, NULL, 0, 1, NULL, '17', '无名套餐', '1', 0.20, 1, NULL, NULL, NULL, '', NULL, NULL, '', NULL, NULL, NULL, NULL, NULL, 0, 0, 0, 2, NULL, '0', NULL, '2015-10-08 15:59:46', NULL, NULL, NULL, NULL, NULL),
	(340, '', '8b02d82e4c8e4d52a0461f7e1abf5b99', 20, NULL, 0, 1, NULL, '17', '无名套餐', '1', 0.20, 1, NULL, NULL, NULL, '', NULL, NULL, '', NULL, NULL, NULL, NULL, NULL, 0, 0, 0, 2, NULL, '0', NULL, '2015-10-08 16:03:13', NULL, NULL, NULL, NULL, NULL),
	(341, '', 'c2296f29147d4e1eb5fb91786d60ad0f', 20, NULL, 0, 1, NULL, '17', '无名套餐', '1', 0.20, 1, NULL, NULL, NULL, '', NULL, NULL, '', NULL, NULL, NULL, NULL, NULL, 1, 0, 0, 2, NULL, '0', NULL, '2015-10-08 16:26:36', NULL, NULL, NULL, NULL, NULL),
	(342, '', '22f5c585d137486384ff518005bcb09d', 20, NULL, 0, 1, NULL, '17', '无名套餐', '1', 0.20, 1, NULL, NULL, NULL, '', NULL, NULL, '', NULL, NULL, NULL, NULL, NULL, 0, 0, 0, 2, NULL, '0', NULL, '2015-10-08 16:33:52', NULL, NULL, NULL, NULL, NULL),
	(343, '', '47a5d7df4d1446ab913033b3b4984e65', 20, NULL, 0, 1, NULL, '17', '无名套餐', '1', 0.20, 1, NULL, NULL, NULL, '', NULL, NULL, '', NULL, NULL, NULL, NULL, NULL, 1, 0, 0, 2, NULL, '0', NULL, '2015-10-08 16:34:43', NULL, NULL, NULL, NULL, NULL),
	(344, '', '91b3a870df494fd7bd9c76801b6c2b09', 20, NULL, 0, 1, NULL, '17', '无名套餐', '1', 0.20, 1, NULL, NULL, NULL, '', NULL, NULL, '', NULL, NULL, NULL, NULL, NULL, 1, 0, 0, 2, NULL, '0', NULL, '2015-10-08 16:35:45', NULL, NULL, NULL, NULL, NULL),
	(345, '', '98831bdf71404ca381ea914a12828c95', 20, NULL, 0, 1, NULL, '17', '无名套餐', '1', 0.20, 1, NULL, NULL, NULL, '', NULL, NULL, '', NULL, NULL, NULL, NULL, NULL, 1, 0, 0, 2, NULL, '0', NULL, '2015-10-08 16:36:26', NULL, NULL, NULL, NULL, NULL),
	(346, '', '5b9f13012c314f5786b04762050a6fd3', 20, NULL, 0, 1, NULL, '17', '无名套餐', '1', 0.20, 1, NULL, NULL, NULL, '', NULL, NULL, '', NULL, NULL, NULL, NULL, NULL, 1, 0, 0, 2, NULL, '0', NULL, '2015-10-08 16:38:11', NULL, NULL, NULL, NULL, NULL),
	(347, '', '15dbf912d33a4fb0a591b3dcd2a04fad', 22, NULL, 0, 1, NULL, '1', '免月费套餐', '1', 0.01, 1, NULL, NULL, NULL, '', NULL, NULL, '', NULL, NULL, NULL, NULL, NULL, 0, 0, 0, 2, NULL, '0', NULL, '2015-10-08 17:50:19', NULL, NULL, NULL, NULL, NULL),
	(348, '1', '3257bbd0299b4e1cbf8c543526ed3341', -1, 'asdf', 0, 20, 'SellerAdmin', '276_61_0_64', '测试充值0.01', '1', 0.01, 0, NULL, NULL, NULL, 'asdf', 'asdf', 'asdf', 'adf', NULL, NULL, NULL, NULL, NULL, 0, 0, 0, 1, NULL, '0', NULL, '2015-10-12 11:53:25', NULL, NULL, NULL, NULL, NULL),
	(349, '1', '9db9109e6bc54f82bc9974f2d17c2ef2', -1, 'adsf', 0, 20, 'SellerAdmin', '276_61_0_64', '测试充值0.01', '1', 0.01, 0, NULL, NULL, NULL, 'asdf', 'asdf', 'asdf', 'asdf', NULL, NULL, NULL, NULL, NULL, 0, 0, 0, 1, NULL, '0', NULL, '2015-10-12 11:53:34', NULL, NULL, NULL, NULL, NULL),
	(350, '1', '42194be1fe5b4a739c073f1053725830', -1, 'asdf', 0, 20, 'SellerAdmin', '276_58_0_64', '测试充值0.01', '1', 0.01, 0, NULL, NULL, NULL, 'sadf', 'asdf', 'asdf', 'asdf', NULL, NULL, NULL, NULL, NULL, 0, 0, 0, 1, NULL, '0', NULL, '2015-10-12 11:58:02', NULL, NULL, NULL, NULL, NULL),
	(351, '', 'f7e53cb258ca4be089dcd937c449613c', 20, NULL, 0, 1, NULL, '17', '无名套餐', '1', 0.20, 1, NULL, NULL, NULL, '', NULL, NULL, '', NULL, NULL, NULL, NULL, NULL, 0, 0, 0, 2, NULL, '0', NULL, '2015-10-12 22:30:03', NULL, NULL, '/payimg/25b87c6477304ca4bc7874c91d4e7795.gif', '2015-10-12 22:34:05', NULL),
	(352, '', 'f6ec5f08e18f461fb17b52f16e5597d6', 20, NULL, 0, 1, NULL, '17', '无名套餐', '1', 0.20, 1, NULL, NULL, NULL, '', NULL, NULL, '', NULL, NULL, NULL, NULL, NULL, 0, 0, 0, 2, NULL, '0', NULL, '2015-10-12 22:30:56', NULL, NULL, '/payimg/5d982490c1854ff584c8f5ec43f5e79f.gif', '2015-10-12 22:34:57', NULL),
	(353, '', '583723d274ec413685a731fabe9a7480', 20, NULL, 0, 1, NULL, '17', '无名套餐', '1', 0.20, 1, NULL, NULL, NULL, '', NULL, NULL, '', NULL, NULL, NULL, NULL, NULL, 0, 0, 0, 2, NULL, '0', NULL, '2015-10-12 22:31:39', NULL, NULL, '/payimg/90a9b3a80e2141338f3c4fdeeb73eacf.gif', '2015-10-12 22:35:40', NULL),
	(354, '', '6f173b7f50bf43658763e9dfac8e5c37', 20, NULL, 0, 1, NULL, '17', '无名套餐', '1', 0.20, 1, NULL, NULL, NULL, '', NULL, NULL, '', NULL, NULL, NULL, NULL, NULL, 0, 0, 0, 2, NULL, '0', NULL, '2015-10-14 15:50:51', NULL, NULL, '/payimg/631d57951ef54d269a5967570430f9b3.gif', '2015-10-14 15:54:54', NULL),
	(355, '', 'c2d0b7d6a0d249618378d282feced19f', 20, NULL, 0, 1, NULL, '17', '无名套餐', '1', 0.20, 1, NULL, NULL, NULL, '', NULL, NULL, '', NULL, NULL, NULL, NULL, NULL, 0, 0, 0, 2, NULL, '0', NULL, '2015-10-14 16:02:01', NULL, NULL, '/payimg/98f285d88bd2425593f793bfebbedbe7.gif', '2015-10-14 16:06:04', NULL),
	(356, '', '7ecee58bb4e94360ba39bd43d334d9f9', 20, NULL, 0, 1, NULL, '17', '无名套餐', '1', 0.20, 1, NULL, NULL, NULL, '', NULL, NULL, '', NULL, NULL, NULL, NULL, NULL, 0, 0, 0, 2, NULL, '0', NULL, '2015-10-14 16:02:14', NULL, NULL, '/payimg/44b034c63ee046aab3f0138366dcdf07.gif', '2015-10-14 16:06:18', NULL),
	(357, '', 'a908772e136d4ed3ad34c63b05623729', 20, NULL, 0, 1, NULL, '17', '无名套餐', '1', 0.20, 1, NULL, NULL, NULL, '', NULL, NULL, '', NULL, NULL, NULL, NULL, NULL, 0, 0, 0, 2, NULL, '0', NULL, '2015-10-14 16:14:41', NULL, NULL, '/payimg/533884bb52b542c0a2f729c471feaeed.gif', '2015-10-14 16:18:44', NULL),
	(358, '', '74e783085c1f4cbe93e55aa2d4470e1c', 20, NULL, 0, 1, NULL, '17', '无名套餐', '1', 0.20, 1, NULL, NULL, NULL, '', NULL, NULL, '', NULL, NULL, NULL, NULL, NULL, 0, 0, 0, 2, NULL, '0', NULL, '2015-10-14 17:08:45', NULL, NULL, '/payimg/fa39c2ac87ae4696ae685522f57bf2a5.gif', '2015-10-14 17:12:48', NULL),
	(359, '', '2015101419020738531', 20, NULL, 0, 1, NULL, '17', '无名套餐', '1', 0.20, 1, NULL, NULL, NULL, '', NULL, NULL, '', NULL, NULL, NULL, NULL, NULL, 0, 0, 0, 2, NULL, '0', NULL, '2015-10-14 18:58:05', NULL, NULL, '/payimg/cc563e57486048dba2d54b6bc2f09779.gif', '2015-10-14 19:02:08', NULL),
	(360, '', '2015101419381649139', 20, NULL, 0, 1, NULL, '17', '无名套餐', '1', 0.20, 1, NULL, NULL, NULL, '', NULL, NULL, '', NULL, NULL, NULL, NULL, NULL, 0, 0, 0, 2, NULL, '0', NULL, '2015-10-14 19:34:14', NULL, NULL, '/payimg/a155c8531c2a407cb1990143360e6f34.gif', '2015-10-14 19:38:17', NULL),
	(361, '', '3ff91ce7d1d24bcd9284be50a7ca1ac3', 20, NULL, 0, 1, NULL, '17', '无名套餐', '1', 0.20, 1, NULL, NULL, NULL, '', NULL, NULL, '', NULL, NULL, NULL, NULL, NULL, 0, 0, 0, 2, NULL, '0', NULL, '2015-10-14 19:54:22', NULL, NULL, '/payimg/d0e5e2776fd24a4ea8892a662d63dfa2.gif', '2015-10-14 19:58:26', NULL),
	(362, '', '67afc76b0c5142b68fddbc9c707cf38b', 20, NULL, 0, 1, NULL, '17', '郎酒郎哥红款 500ml 44.8%VOL 郎酒郎哥 自由自己,郎酒郎哥蓝款   500ml   44.8%VOL      郎酒郎哥 自由自己', '1', 0.20, 1, NULL, NULL, NULL, '', NULL, NULL, '', NULL, NULL, NULL, NULL, NULL, 0, 0, 0, 2, NULL, '0', NULL, '2015-10-27 12:07:39', NULL, NULL, '/payimg/a2c9a0e4e2354130b9d64cc5abee1d6f.gif', '2015-10-14 20:08:46', NULL),
	(363, '', '056eff0e60a742beb23724b74925e3f6', 20, NULL, 0, 1, NULL, '17', '郎酒郎哥红款 500ml 44.8%VOL 郎酒郎哥 自由自己,郎酒郎哥蓝款   500ml   44.8%VOL      郎酒郎哥 自由自己', '1', 0.20, 1, NULL, NULL, NULL, '', NULL, NULL, '', NULL, NULL, NULL, NULL, NULL, 0, 0, 0, 2, NULL, '0', NULL, '2015-10-27 12:08:31', NULL, 'wx2015102712123725783739590028256365', '/payimg/948e5e862fb346d7a5a42bb12f86d79f.gif', '2015-10-27 12:12:45', NULL),
	(364, '', '3e43b72f64c14eca9652190911b7fbcf1', 20, NULL, 0, 1, NULL, '1', '免月费套餐!@#', '1', 0.01, 1, NULL, NULL, NULL, '', NULL, NULL, '', NULL, NULL, NULL, NULL, NULL, 0, 0, 0, 2, NULL, '0', NULL, '2015-10-27 13:09:16', NULL, '', '', '2015-10-27 13:11:57', NULL),
	(365, '', '85beba75c9274429b15840094821cbb6', 20, NULL, 0, 1, NULL, '1', '免月费套餐', '1', 0.01, 1, NULL, NULL, NULL, '', NULL, NULL, '', NULL, NULL, NULL, NULL, NULL, 0, 0, 0, 2, NULL, '0', NULL, '2015-10-27 13:13:41', NULL, NULL, NULL, NULL, NULL),
	(366, '', 'bfa22bbf92da4c21a5549cb7f66afb9d', 20, NULL, 0, 1, NULL, '1', '免月费套餐', '1', 0.01, 1, NULL, NULL, NULL, '', NULL, NULL, '', NULL, NULL, NULL, NULL, NULL, 0, 0, 0, 2, NULL, '0', NULL, '2015-10-27 13:21:17', NULL, 'wx20151027132523fede2363c70414482249', '/payimg/e68b8cf760b9498c83144bfaa74bbef9.gif', '2015-10-27 13:25:31', NULL),
	(367, '', '2256b1a51e4f4cdb94add40cad8d2ba5', 20, NULL, 0, 1, NULL, '1', '免月费套餐!@#$%^&*()_+?%$##%&^(*!~$^**&&^', '1', 0.01, 1, NULL, NULL, NULL, '', NULL, NULL, '', NULL, NULL, NULL, NULL, NULL, 0, 0, 0, 2, NULL, '0', NULL, '2015-10-27 13:23:55', NULL, 'wx20151027132801af028c1d010085286161', '/payimg/03262537a0ec4657b89bf766f20cb8c8.gif', '2015-10-27 13:28:09', NULL),
	(368, '', '43f7e10ae2ea4f71842a64b19815407c', 20, NULL, 0, 1, NULL, '1', '免月费套餐!@#$%^&*()_+?%$##%&^(*!~$^**&&^', '1', 0.01, 1, NULL, NULL, NULL, '', NULL, NULL, '', NULL, NULL, NULL, NULL, NULL, 0, 0, 0, 2, NULL, '0', NULL, '2015-10-27 13:31:46', NULL, 'wx20151027133552e80954630e0046649811', '/payimg/36d537ac797d4adc8aa62aadfe2da79b.gif', '2015-10-27 13:36:00', NULL),
	(369, '', '3b4a1505c9f04966a951c02bef8840b4', 40, NULL, 0, 1, NULL, '1', '免月费套餐', '1', 0.01, 1, NULL, NULL, NULL, '', NULL, NULL, '', NULL, NULL, NULL, NULL, NULL, 0, 0, 0, 2, NULL, '0', NULL, '2015-10-28 09:57:52', NULL, 'wx20151028100159780e2e3e6e0877769711', '/payimg/b1775260564546e49723d4a9e5f02649.gif', '2015-10-28 09:57:51', NULL),
	(370, '', 'fd1bbaff48964541b923c091e73c2273', 40, NULL, 0, 1, NULL, '1', '免月费套餐', '1', 0.01, 1, NULL, NULL, NULL, '', NULL, NULL, '', NULL, NULL, NULL, NULL, NULL, 0, 0, 0, 2, NULL, '0', NULL, '2015-10-28 09:59:03', NULL, 'wx20151028100311f1b2f76ebc0898213962', '/payimg/2c29ac2658ff4f7abb9232029787bfec.gif', '2015-10-28 09:59:02', NULL),
	(371, '', '00977a262efb401cb07ca50dcd520ae1', 40, NULL, 0, 1, NULL, '1', '免月费套餐', '1', 0.01, 1, NULL, NULL, NULL, '', NULL, NULL, '', NULL, NULL, NULL, NULL, NULL, 0, 0, 0, 2, NULL, '0', NULL, '2015-10-28 19:58:11', NULL, NULL, NULL, NULL, NULL),
	(372, '', '1c0528ae41434256a55b802b68a76b7f', 22, NULL, 0, 1, NULL, '1', '免月费套餐', '1', 0.01, 1, NULL, NULL, NULL, '', NULL, NULL, '', NULL, NULL, NULL, NULL, NULL, 0, 0, 0, 2, NULL, '0', NULL, '2015-10-29 10:00:38', NULL, NULL, NULL, NULL, NULL),
	(373, '', '2f7a92c8fe864954a7778fcbfe89c092', 22, NULL, 0, 1, NULL, '1', '免月费套餐', '1', 0.01, 1, NULL, NULL, NULL, '', NULL, NULL, '', NULL, NULL, NULL, NULL, NULL, 1, 0, 0, 2, NULL, '0', NULL, '2015-11-02 14:25:19', NULL, NULL, NULL, NULL, NULL),
	(374, '', '2c511258cee94dccb393683aa3b16fe5', 22, NULL, 0, 1, NULL, '1', '免月费套餐', '1', 0.01, 1, NULL, NULL, NULL, '', NULL, NULL, '', NULL, NULL, NULL, NULL, NULL, 1, 0, 0, 2, NULL, '0', NULL, '2015-11-02 14:33:05', NULL, NULL, NULL, NULL, NULL),
	(375, '', '031f3e6fb6e245dfaeb79305873a8f0d', 52, NULL, 0, 1, NULL, '1', '免月费套餐', '1', 0.06, 6, NULL, NULL, NULL, '', NULL, NULL, '', NULL, NULL, NULL, NULL, NULL, 0, 0, 0, 2, NULL, '0', NULL, '2015-11-19 14:38:15', NULL, NULL, NULL, NULL, NULL),
	(376, '', '2f1d004bd0044d4b82dfd29b68a9fe24', 52, NULL, 0, 1, NULL, '1', '免月费套餐', '1', 0.06, 6, NULL, NULL, NULL, '', NULL, NULL, '', NULL, NULL, NULL, NULL, NULL, 0, 0, 0, 2, NULL, '0', NULL, '2015-11-24 17:03:37', NULL, NULL, NULL, NULL, NULL),
	(377, '', '9c2612ee32a64c39b8f1b6aa6fbc56b4', 52, NULL, 0, 1, NULL, '1', '免月费套餐', '1', 0.06, 6, NULL, NULL, NULL, '', NULL, NULL, '', NULL, NULL, NULL, NULL, NULL, 0, 0, 0, 2, NULL, '0', NULL, '2015-11-24 17:03:45', NULL, 'wx201511241708071f966df9df0848291379', '/payimg/ec8136b6f87747eca295ef0ebc763cd3.gif', '2015-11-24 17:08:16', NULL),
	(378, '', '687201f685c94e1fa7c957c0898806be', 46, NULL, 0, 1, NULL, '17', '无名套餐', '1', 0.20, 1, NULL, NULL, NULL, '', NULL, NULL, '', NULL, NULL, NULL, NULL, NULL, 0, 0, 0, 2, NULL, '0', NULL, '2015-11-24 17:09:51', NULL, NULL, NULL, NULL, NULL),
	(379, '', 'cdb66dacacaa4fbc88b3bc033779f706', 52, NULL, 0, 1, NULL, '17', '无名套餐', '1', 0.20, 1, NULL, NULL, NULL, '', NULL, NULL, '', NULL, NULL, NULL, NULL, NULL, 0, 0, 0, 2, NULL, '0', NULL, '2015-11-24 17:16:50', NULL, NULL, NULL, NULL, NULL),
	(380, '', 'ae7287310bd643b48fbc68f06b6a68c1', 52, NULL, 0, 1, NULL, '17', '无名套餐', '1', 0.20, 1, NULL, NULL, NULL, '', NULL, NULL, '', NULL, NULL, NULL, NULL, NULL, 0, 0, 0, 2, NULL, '0', NULL, '2015-11-25 10:25:00', NULL, 'wx201511251029238a62b5f4300519092149', '/payimg/c7f8d731da5a47e48a2cd77ff52f3525.gif', '2015-11-25 10:29:33', NULL),
	(381, '', '1b04013abf5a41e9b937f8b8d8b51592', 50, NULL, 0, 1, NULL, '19', '这的确是个问题', '1', 0.07, 1, NULL, NULL, NULL, '', NULL, NULL, '', NULL, NULL, NULL, NULL, NULL, 0, 0, 0, 2, NULL, '0', NULL, '2015-11-25 12:50:54', NULL, NULL, NULL, NULL, NULL),
	(382, '', '584b550df9b54f8dabda58286b60de4a', 81, NULL, 0, 1, NULL, '1', '免月费套餐', '1', 0.06, 6, NULL, NULL, NULL, '', NULL, NULL, '', NULL, NULL, NULL, NULL, NULL, 0, 0, 0, 2, NULL, '0', NULL, '2016-01-30 21:48:21', NULL, 'wx20160130215324d0d2182f5e0280211529', NULL, '2016-01-30 21:48:04', NULL),
	(383, '', '0b92901dd0e64814bc9f99a46d10bdc2', 83, NULL, 0, 1, NULL, '1', '免月费套餐', '1', 0.06, 6, NULL, NULL, NULL, '', NULL, NULL, '', NULL, NULL, NULL, NULL, NULL, 0, 0, 0, 2, NULL, '0', NULL, '2016-01-30 22:22:31', NULL, 'wx201601302227346cc5ce48bd0983270521', '1b4bd023e3b4454baa76dabe19568dd1.gif', '2016-01-30 22:22:14', NULL),
	(384, '', 'a0ef60338cf142ceb352eaf28d041a63', 83, NULL, 0, 1, NULL, '1', '免月费套餐', '1', 0.06, 6, NULL, NULL, NULL, '', NULL, NULL, '', NULL, NULL, NULL, NULL, NULL, 0, 0, 0, 2, NULL, '0', NULL, '2016-01-31 10:38:11', NULL, 'wx201601311043157fff4ed3ac0896015411', '7cd5f24393574c7195da5cdbc2bbb0c6.gif', '2016-01-31 10:37:54', NULL),
	(385, '', 'c75ee2abbbb94af88f57099219f90a9c', 81, NULL, 0, 1, NULL, '1', '免月费套餐', '1', 0.06, 6, NULL, NULL, NULL, '', NULL, NULL, '', NULL, NULL, NULL, NULL, NULL, 0, 0, 0, 2, NULL, '0', NULL, '2016-01-31 12:55:35', NULL, 'wx20160131130039366b5a65eb0703941306', '3ebce538837c479fb922ce3d8c2615bb.gif', '2016-01-31 12:55:18', NULL),
	(386, '', '20160131161515835', 81, NULL, 0, 1, NULL, '1', '免月费套餐', '1', 0.06, 6, NULL, NULL, NULL, '', NULL, NULL, '', NULL, NULL, NULL, NULL, NULL, 0, 0, 0, 2, NULL, '0', NULL, '2016-01-31 16:15:33', NULL, 'wx20160131162037cb179c60050520286259', 'cc8e2fb99c024bf1a28a0dddbfa607a2.gif', '2016-01-31 16:15:16', NULL),
	(387, '', '69f55b37625a4e82813333dc8cef080e', 81, NULL, 0, 1, NULL, '1', '免月费套餐', '1', 0.06, 6, NULL, NULL, NULL, '', NULL, NULL, '', NULL, NULL, NULL, NULL, NULL, 0, 0, 0, 2, NULL, '0', NULL, '2016-01-31 13:52:40', NULL, 'wx20160131135744de2fbbcf910681553677', '6efd0b50ebff4c0fbd1de32e5383a186.gif', '2016-01-31 13:52:23', NULL),
	(388, '', '056048f1f17c4e87bef7be84e988456f', 46, NULL, 0, 1, NULL, '17', '无名套餐', '1', 0.20, 1, NULL, NULL, NULL, '', NULL, NULL, '', NULL, NULL, NULL, NULL, NULL, 0, 0, 0, 2, NULL, '0', NULL, '2016-02-19 13:48:57', NULL, 'wx20160219135413517ddc8e8b0164575866', '9f0975ab5e9645e7b7b1f7177d97eae7.gif', '2016-02-19 13:54:43', NULL),
	(389, '', '121aa8c5833c4c93aba34e16ab83afd7', 46, NULL, 0, 1, NULL, '19', '这的确是个问题', '1', 0.07, 1, NULL, NULL, NULL, '', NULL, NULL, '', NULL, NULL, NULL, NULL, NULL, 0, 0, 0, 2, NULL, '0', NULL, '2016-02-19 10:19:20', NULL, 'wx20160219102436e39cbc0bf30522833434', '3ece4af3a9ad4e80aad7067c918c0c61.gif', '2016-02-19 10:25:07', NULL),
	(390, '', '89b73d27e8b045adaf1f09d70607f78c', 46, NULL, 0, 1, NULL, '21', '测试套餐1003', '1', 2000.01, 1, NULL, NULL, NULL, '', NULL, NULL, '', NULL, NULL, NULL, NULL, NULL, 0, 0, 0, 2, NULL, '0', NULL, '2016-02-19 13:49:36', NULL, 'wx201602191354521d9c1a5b4f0893196400', 'e1405dc52bd049bbbe6534cea1af8fca.gif', '2016-02-19 13:55:23', NULL),
	(391, '', 'ca5ee4cd38f943c288fd8fd486e3327f', 46, NULL, 0, 1, NULL, '17', '无名套餐', '1', 0.20, 1, NULL, NULL, NULL, '', NULL, NULL, '', NULL, NULL, NULL, NULL, NULL, 0, 0, 0, 2, NULL, '0', NULL, '2016-02-19 10:19:45', NULL, NULL, NULL, NULL, NULL),
	(392, '', 'd11f55c55e2048d99fa08b18f24fe275', 46, NULL, 0, 1, NULL, '17', '无名套餐', '1', 0.20, 1, NULL, NULL, NULL, '', NULL, NULL, '', NULL, NULL, NULL, NULL, NULL, 0, 0, 0, 2, NULL, '0', NULL, '2016-02-19 10:19:51', NULL, NULL, NULL, NULL, NULL),
	(393, '', 'e8a181dc9b0543c08108eef32696072c', 46, NULL, 0, 1, NULL, '17', '无名套餐', '1', 0.20, 1, NULL, NULL, NULL, '', NULL, NULL, '', NULL, NULL, NULL, NULL, NULL, 0, 0, 0, 2, NULL, '0', NULL, '2016-02-19 10:20:10', NULL, NULL, NULL, NULL, NULL),
	(394, '', 'f60761ff5d43484481a59b6742e9bb71', 46, NULL, 0, 1, NULL, '17', '无名套餐', '1', 0.20, 1, NULL, NULL, NULL, '', NULL, NULL, '', NULL, NULL, NULL, NULL, NULL, 0, 0, 0, 2, NULL, '0', NULL, '2016-02-19 10:20:14', NULL, NULL, NULL, NULL, NULL),
	(395, '', 'd04aa29c258246d1be03a21239bcecba', 46, NULL, 0, 1, NULL, '17', '无名套餐', '1', 0.20, 1, NULL, NULL, NULL, '', NULL, NULL, '', NULL, NULL, NULL, NULL, NULL, 0, 0, 0, 2, NULL, '0', NULL, '2016-02-19 10:20:44', NULL, NULL, NULL, NULL, NULL),
	(396, '', 'a7e82bd0d86c44b691964b7fa3f18577', 46, NULL, 0, 1, NULL, '1', '免月费套餐', '1', 0.06, 6, NULL, NULL, NULL, '', NULL, NULL, '', NULL, NULL, NULL, NULL, NULL, 0, 0, 0, 2, NULL, '0', NULL, '2016-02-19 10:21:47', NULL, NULL, NULL, NULL, NULL),
	(397, '', 'f327b5b2afbd4fe2a76e55f6c3206361', 46, NULL, 0, 1, NULL, '17', '无名套餐', '1', 0.20, 1, NULL, NULL, NULL, '', NULL, NULL, '', NULL, NULL, NULL, NULL, NULL, 0, 0, 0, 2, NULL, '0', NULL, '2016-02-19 10:24:11', NULL, NULL, NULL, NULL, NULL),
	(398, '', 'f19122eb49fa4f969e6e479f7d3aabfe', 46, NULL, 0, 1, NULL, '1', '免月费套餐', '1', 0.24, 24, NULL, NULL, NULL, '', NULL, NULL, '', NULL, NULL, NULL, NULL, NULL, 0, 0, 0, 2, NULL, '0', NULL, '2016-02-19 10:25:42', NULL, NULL, NULL, NULL, NULL),
	(399, '', '472a2945db7248a693ee8cf46aac7463', 46, NULL, 0, 1, NULL, '17', '无名套餐', '1', 0.20, 102400, NULL, NULL, NULL, '', NULL, NULL, '', NULL, NULL, NULL, NULL, NULL, 0, 0, 0, 2, NULL, '0', '2', '2016-02-19 14:19:54', NULL, NULL, NULL, NULL, NULL),
	(400, '', '9fe7768818214e208b7be0e068d7a733', 46, NULL, 0, 1, NULL, '1', '免月费套餐', '1', 0.12, 12, NULL, NULL, NULL, '', NULL, NULL, '', NULL, NULL, NULL, NULL, NULL, 0, 0, 0, 2, NULL, '0', '1', '2016-02-19 14:30:02', NULL, 'wx20160219143518050799dbba0952960060', '32b885673ce4479e8c0e1158da8c2d13.gif', '2016-02-19 14:35:48', NULL),
	(401, '', 'e0ad4c14f6e1457d8c7c4494d8761b7c', 46, NULL, 0, 1, NULL, '17', '无名套餐', '1', 0.10, 100, NULL, NULL, NULL, '', NULL, NULL, '', NULL, NULL, NULL, NULL, NULL, 0, 0, 0, 2, NULL, '0', '2', '2016-03-08 11:45:18', NULL, NULL, NULL, NULL, NULL),
	(402, '', '1957d36ac26e49cb9c7b946e6b972c6b', 46, NULL, 0, 1, NULL, '17', '无名套餐', '1', 0.10, 100, NULL, NULL, NULL, '', NULL, NULL, '', NULL, NULL, NULL, NULL, NULL, 0, 0, 0, 2, NULL, '0', '2', '2016-03-08 11:49:26', NULL, NULL, NULL, NULL, NULL),
	(403, '', 'ec4b18a6cde14a5cb0d774474c779337', 46, NULL, 0, 1, NULL, '17', '无名套餐', '1', 0.10, 100, NULL, NULL, NULL, '', NULL, NULL, '', NULL, NULL, NULL, NULL, NULL, 0, 0, 0, 2, NULL, '0', '2', '2016-03-08 11:49:58', NULL, 'wx201603081155263651cf357b0721745824', 'c5117e210f4b4e1a9ffb566aa0d26fa6.gif', '2016-03-08 11:49:37', NULL),
	(404, '', '0c272ffae1c849e799902bb0f5bbc21a', 46, NULL, 0, 1, NULL, '1', '免月费套餐', '1', 0.00, 6, NULL, NULL, NULL, '', NULL, NULL, '', NULL, NULL, NULL, NULL, NULL, 0, 0, 0, 2, NULL, '0', '1', '2016-03-08 11:53:39', NULL, NULL, NULL, NULL, NULL),
	(405, '', 'c59667fa5378468ab9935b812703d759', 46, NULL, 0, 1, NULL, '1', '免月费套餐', '1', 0.01, 6, NULL, NULL, NULL, '', NULL, NULL, '', NULL, NULL, NULL, NULL, NULL, 0, 0, 0, 2, NULL, '0', '1', '2016-03-08 11:58:20', NULL, 'wx201603081203491d8613818a0288586234', 'dffdea34e1bf43959c6ce438f4beff21.gif', '2016-03-08 11:57:59', NULL),
	(406, '', '3e9823045ed14065b3bf1cbf91a550c6', 46, NULL, 0, 1, NULL, '17', '无名套餐', '1', 0.10, 100, NULL, NULL, NULL, '', NULL, NULL, '', NULL, NULL, NULL, NULL, NULL, 0, 0, 0, 2, NULL, '0', '2', '2016-03-08 11:59:51', NULL, NULL, NULL, NULL, NULL),
	(407, '', '02a89b56cf5b4b09b5ba91f66b8cb810', 46, NULL, 0, 1, NULL, '17', '无名套餐', '1', 0.10, 100, NULL, NULL, NULL, '', NULL, NULL, '', NULL, NULL, NULL, NULL, NULL, 0, 0, 0, 2, NULL, '0', '2', '2016-03-08 12:00:22', NULL, 'wx2016030812055020d24e6f4d0167072990', '87e1fde159f34efb9001a7461a625ae3.gif', '2016-03-08 12:00:01', NULL),
	(408, '', '60dce23e811b4d6fb32bdd0d5ddc592d', 46, NULL, 0, 1, NULL, '17', '流量套餐1', '1', 0.10, 100, NULL, NULL, NULL, '', NULL, NULL, '', NULL, NULL, NULL, NULL, NULL, 0, 0, 0, 2, NULL, '0', '2', '2016-03-08 12:01:16', NULL, NULL, NULL, NULL, NULL),
	(409, '', 'bd92f4f93991489d96adfea29d1ce294', 46, NULL, 0, 1, NULL, '1', '免月费套餐', '1', 0.01, 6, NULL, NULL, NULL, '', NULL, NULL, '', NULL, NULL, NULL, NULL, NULL, 0, 0, 0, 2, NULL, '0', '1', '2016-03-08 12:01:41', NULL, NULL, NULL, NULL, NULL),
	(410, '', 'a861419ee3be48b7932409260b1bb5b2', 46, NULL, 0, 1, NULL, '2', '基本套餐', '1', 0.01, 12, NULL, NULL, NULL, '', NULL, NULL, '', NULL, NULL, NULL, NULL, NULL, 0, 0, 0, 2, NULL, '0', '1', '2016-03-08 12:01:54', NULL, NULL, NULL, NULL, NULL),
	(411, '', '35b9034cdf4243c688e708b31eb6d10e', 46, NULL, 0, 1, NULL, '1', '免月费套餐', '1', 0.01, 6, NULL, NULL, NULL, '', NULL, NULL, '', NULL, NULL, NULL, NULL, NULL, 0, 0, 0, 2, NULL, '0', '1', '2016-03-08 13:49:13', NULL, 'wx201603081354429a403e07c20234762450', '5f90a47f1ac245e78aef77d3d32a55ae.gif', '2016-03-08 13:48:52', NULL),
	(412, '', '5243819fa86a4bdd8ff0540f9721bcfb', 46, NULL, 0, 1, NULL, '2', '基本套餐', '1', 0.01, 12, NULL, NULL, NULL, '', NULL, NULL, '', NULL, NULL, NULL, NULL, NULL, 0, 0, 0, 2, NULL, '0', '1', '2016-03-09 10:25:31', NULL, NULL, NULL, NULL, NULL),
	(413, '', 'a2831e789a03455fa9f4694b61371953', 46, NULL, 0, 1, NULL, '2', '基本套餐', '1', 0.01, 12, NULL, NULL, NULL, '', NULL, NULL, '', NULL, NULL, NULL, NULL, NULL, 0, 0, 0, 2, NULL, '0', '1', '2016-03-09 10:26:00', NULL, 'wx20160309103130788597e7be0763372037', '93f33d5760ca4c13b54633842ed35aaa.gif', '2016-03-09 10:25:40', NULL),
	(414, '', '0012cdad6ef94a4d8be7d418f4fc2920', 46, NULL, 0, 1, NULL, '1', '免月费套餐', '1', 0.01, 6, NULL, NULL, NULL, '', NULL, NULL, '', NULL, NULL, NULL, NULL, NULL, 0, 0, 0, 2, NULL, '0', '1', '2016-03-09 12:47:32', NULL, NULL, NULL, NULL, NULL),
	(415, '', 'dc5d5365fdb3409c807102934f3dd817', 46, NULL, 0, 1, NULL, '1', '免月费套餐', '1', 0.01, 6, NULL, NULL, NULL, '', NULL, NULL, '', NULL, NULL, NULL, NULL, NULL, 0, 0, 0, 2, NULL, '0', '1', '2016-03-09 17:46:07', NULL, NULL, NULL, NULL, NULL),
	(416, '', '072b4cd4d5d64f8d9729707839afc7a2', 46, NULL, 0, 1, NULL, '1', '免月费套餐', '1', 0.01, 6, NULL, NULL, NULL, '', NULL, NULL, '', NULL, NULL, NULL, NULL, NULL, 0, 0, 0, 2, NULL, '0', '1', '2016-03-10 12:00:55', NULL, NULL, NULL, NULL, NULL);
/*!40000 ALTER TABLE `t_sysmgr_product_order` ENABLE KEYS */;


-- 导出  表 videomgr.t_sysmgr_product_type 结构
CREATE TABLE IF NOT EXISTS `t_sysmgr_product_type` (
  `Id` int(11) NOT NULL AUTO_INCREMENT,
  `name` varchar(100) DEFAULT NULL COMMENT '类型名',
  `create_time` timestamp NOT NULL DEFAULT CURRENT_TIMESTAMP ON UPDATE CURRENT_TIMESTAMP COMMENT '创建时间',
  PRIMARY KEY (`Id`)
) ENGINE=InnoDB AUTO_INCREMENT=601 DEFAULT CHARSET=utf8 COMMENT='产品类型';

-- 正在导出表  videomgr.t_sysmgr_product_type 的数据：~32 rows (大约)
/*!40000 ALTER TABLE `t_sysmgr_product_type` DISABLE KEYS */;
INSERT INTO `t_sysmgr_product_type` (`Id`, `name`, `create_time`) VALUES
	(1, '图书', '2016-03-18 00:00:00'),
	(5, '音像', '2016-03-18 00:00:00'),
	(9, '数字商品', '2016-03-18 00:00:00'),
	(13, '家用电器', '2016-03-18 00:00:00'),
	(17, '手机', '2016-03-18 00:00:00'),
	(20, '数码', '2016-03-18 00:00:00'),
	(23, '电脑', '2016-03-18 00:00:00'),
	(26, '办公', '2016-03-18 00:00:00'),
	(150, '营养保健', '2016-03-18 00:00:00'),
	(152, '家居', '2016-03-18 00:00:00'),
	(186, '家具', '2016-03-18 00:00:00'),
	(224, '家装', '2016-03-18 00:00:00'),
	(234, '食品饮料', '2016-03-18 00:00:00'),
	(264, '厨具', '2016-03-18 00:00:00'),
	(295, '酒水', '2016-03-18 00:00:00'),
	(309, '生鲜', '2016-03-18 00:00:00'),
	(312, '男装', '2016-03-18 00:00:00'),
	(338, '母婴', '2016-03-18 00:00:00'),
	(352, '女装', '2016-03-18 00:00:00'),
	(378, '内衣', '2016-03-18 00:00:00'),
	(399, '玩具乐器', '2016-03-18 00:00:00'),
	(403, '珠宝', '2016-03-18 00:00:00'),
	(418, '整车', '2016-03-18 00:00:00'),
	(431, '汽车用品', '2016-03-18 00:00:00'),
	(448, '个户化妆', '2016-03-18 00:00:00'),
	(485, '鞋靴', '2016-03-18 00:00:00'),
	(500, '箱包', '2016-03-18 00:00:00'),
	(520, '钟表', '2016-03-18 00:00:00'),
	(525, '奢侈品', '2016-03-18 00:00:00'),
	(546, '运动户外', '2016-03-18 00:00:00'),
	(599, '医药用品', '2016-03-18 00:00:00'),
	(600, 'test', '2016-03-18 00:00:00');
/*!40000 ALTER TABLE `t_sysmgr_product_type` ENABLE KEYS */;


-- 导出  表 videomgr.t_sysmgr_resource 结构
CREATE TABLE IF NOT EXISTS `t_sysmgr_resource` (
  `id` int(11) NOT NULL AUTO_INCREMENT COMMENT '资源id',
  `p_id` int(11) DEFAULT NULL COMMENT '节点父类id',
  `url` varchar(200) DEFAULT NULL COMMENT '资源路径',
  `name` varchar(200) DEFAULT NULL COMMENT '资源名称',
  `status` int(11) NOT NULL DEFAULT '0' COMMENT '资源状态',
  `create_time` timestamp NOT NULL DEFAULT CURRENT_TIMESTAMP ON UPDATE CURRENT_TIMESTAMP COMMENT '创建时间',
  PRIMARY KEY (`id`)
) ENGINE=InnoDB AUTO_INCREMENT=28 DEFAULT CHARSET=utf8 COMMENT='资源管理表';

-- 正在导出表  videomgr.t_sysmgr_resource 的数据：~24 rows (大约)
/*!40000 ALTER TABLE `t_sysmgr_resource` DISABLE KEYS */;
INSERT INTO `t_sysmgr_resource` (`id`, `p_id`, `url`, `name`, `status`, `create_time`) VALUES
	(1, 3, '/resource/list', '资源管理', 1, '2015-06-28 19:52:23'),
	(2, 3, '/operation/list', '操作管理', 1, '2015-06-28 19:52:30'),
	(3, 0, '', '系统', 1, '2015-06-28 19:52:07'),
	(4, 3, '/role/list', '角色管理', 1, '2015-06-28 19:52:14'),
	(5, 3, '/privilege/list', '权限管理', 0, '2015-08-07 05:17:22'),
	(6, 3, '/user/list', '用户管理', 1, '2015-06-28 19:52:42'),
	(7, 0, '', '商品管理', 1, '2015-07-30 23:54:55'),
	(8, 7, '/product/list', '商品列表', 1, '2015-07-31 00:35:55'),
	(9, 7, '/product/publish', '商品发布', 1, '2015-07-31 00:36:02'),
	(13, 7, '/video/mgr', '视频管理', 1, '2015-07-31 00:36:12'),
	(14, 0, '', '店铺管理', 1, '2015-07-31 00:00:18'),
	(15, 0, '', '广告管理', 1, '2015-07-31 00:08:20'),
	(16, 3, '/package/list', '套餐管理', 1, '2015-08-14 06:34:25'),
	(17, 7, '/productType/list', '商品归类管理', 1, '2015-08-14 02:32:59'),
	(18, 14, '/store/list', '店铺信息管理', 1, '2015-07-31 00:11:42'),
	(19, 14, '/store/message', '店铺内容管理', 1, '2015-07-31 00:15:25'),
	(20, 0, '', '订单管理', 1, '2015-07-31 00:00:12'),
	(21, 20, '/order/list', '订单列表', 1, '2015-07-30 23:59:16'),
	(22, 0, '', '模版管理', 1, '2015-07-31 00:00:50'),
	(23, 22, '/logistics/demo', '物流模版', 1, '2015-07-31 00:01:42'),
	(24, 22, '/customer/service', '售后服务模版', 1, '2015-07-31 00:02:42'),
	(25, 0, '', '帮助', 1, '2015-07-31 00:08:26'),
	(26, 15, '/adv/list/', '广告列表', 1, '2015-08-07 04:30:53'),
	(27, 14, '/store/videolist', '播放器列表', 1, '2015-08-23 21:28:53');
/*!40000 ALTER TABLE `t_sysmgr_resource` ENABLE KEYS */;


-- 导出  表 videomgr.t_sysmgr_role 结构
CREATE TABLE IF NOT EXISTS `t_sysmgr_role` (
  `id` int(11) NOT NULL AUTO_INCREMENT COMMENT '角色id',
  `name` varchar(200) DEFAULT NULL COMMENT '角色名称',
  `type` int(11) DEFAULT NULL COMMENT '角色类别(2、超级管理员，1、管理员；0、普通用户)',
  `create_time` timestamp NOT NULL DEFAULT CURRENT_TIMESTAMP ON UPDATE CURRENT_TIMESTAMP COMMENT '创建时间',
  PRIMARY KEY (`id`)
) ENGINE=InnoDB AUTO_INCREMENT=5 DEFAULT CHARSET=utf8 COMMENT='角色管理表';

-- 正在导出表  videomgr.t_sysmgr_role 的数据：~4 rows (大约)
/*!40000 ALTER TABLE `t_sysmgr_role` DISABLE KEYS */;
INSERT INTO `t_sysmgr_role` (`id`, `name`, `type`, `create_time`) VALUES
	(1, 'admin', 1, '2015-04-16 03:09:59'),
	(2, 'test', 0, '2015-08-07 05:15:56'),
	(3, 'new merchant', 0, '2015-08-07 23:38:17'),
	(4, '44545454545', 0, '2015-08-09 01:09:16');
/*!40000 ALTER TABLE `t_sysmgr_role` ENABLE KEYS */;


-- 导出  表 videomgr.t_sysmgr_sms 结构
CREATE TABLE IF NOT EXISTS `t_sysmgr_sms` (
  `id` int(10) unsigned NOT NULL AUTO_INCREMENT COMMENT 'id',
  `type` tinyint(3) unsigned NOT NULL DEFAULT '0' COMMENT '类型(1:验证码)',
  `phone_no` varchar(50) NOT NULL DEFAULT '' COMMENT '短信接收手机号码',
  `content` varchar(1000) NOT NULL DEFAULT '' COMMENT '短信内容',
  `send_time` timestamp NOT NULL DEFAULT CURRENT_TIMESTAMP COMMENT '发送时间',
  PRIMARY KEY (`id`)
) ENGINE=InnoDB AUTO_INCREMENT=144 DEFAULT CHARSET=utf8 COMMENT='短信发出记录表';

-- 正在导出表  videomgr.t_sysmgr_sms 的数据：~106 rows (大约)
/*!40000 ALTER TABLE `t_sysmgr_sms` DISABLE KEYS */;
INSERT INTO `t_sysmgr_sms` (`id`, `type`, `phone_no`, `content`, `send_time`) VALUES
	(1, 1, '18938630601', '367099', '2015-09-26 14:47:10'),
	(2, 1, '18938630601', '789171', '2015-09-26 15:12:04'),
	(3, 1, '18938630601', '584717', '2015-09-26 15:14:15'),
	(4, 1, '18938630601', '960403', '2015-09-26 15:15:34'),
	(5, 1, '18938630601', '898777', '2015-09-26 15:17:50'),
	(6, 1, '18938630601', '143144', '2015-09-26 15:19:45'),
	(7, 1, '13510692662', '625898', '2015-09-26 17:04:47'),
	(8, 1, '15875589605', '120446', '2015-09-26 19:12:06'),
	(9, 1, '18566756460', '344831', '2015-09-26 19:23:18'),
	(10, 1, '18566756460', '202372', '2015-09-26 19:23:18'),
	(11, 1, '18566756460', '713037', '2015-09-26 19:23:18'),
	(12, 1, '18566756460', '513228', '2015-09-26 19:28:03'),
	(13, 1, '18566756460', '425255', '2015-09-26 19:28:03'),
	(14, 1, '18566756460', '116915', '2015-09-26 19:28:45'),
	(15, 1, '18566756460', '507188', '2015-09-26 19:30:44'),
	(16, 1, '18938630601', '226532', '2015-09-26 19:36:57'),
	(17, 1, '18938630601', '103278', '2015-09-26 19:43:12'),
	(18, 1, '18938630601', '398041', '2015-09-26 23:08:22'),
	(19, 1, '18938630601', '644234', '2015-09-26 23:10:10'),
	(20, 1, '13618005263', '741465', '2015-09-27 02:03:18'),
	(21, 1, '17780669774', '577478', '2015-09-27 02:46:03'),
	(22, 1, '15814448144', '374786', '2015-09-27 05:27:29'),
	(23, 1, '15814448144', '167501', '2015-09-27 05:27:29'),
	(24, 1, '17780669774', '699061', '2015-09-27 05:30:03'),
	(25, 1, '15814448144', '639989', '2015-09-27 05:33:41'),
	(26, 1, '17780669774', '880247', '2015-09-27 05:42:09'),
	(27, 1, '18938630601', '804446', '2015-10-04 11:05:59'),
	(28, 1, '18938630601', '426131', '2015-10-04 15:48:12'),
	(29, 1, '18938630601', '156282', '2015-10-05 19:21:43'),
	(30, 1, '18938630601', '308900', '2015-10-05 19:25:57'),
	(31, 1, '15875589605', '746371', '2015-10-06 17:35:17'),
	(32, 1, '18679795883', '509949', '2015-10-08 10:45:21'),
	(33, 1, '18679795883', '291714', '2015-10-08 10:51:45'),
	(34, 1, '18679795883', '448890', '2015-10-08 10:53:48'),
	(35, 1, '13510168047', '337816', '2015-10-29 09:20:37'),
	(36, 1, '13048864661', '873247', '2015-10-29 09:42:02'),
	(37, 1, '13510692662', '682561', '2015-10-29 10:18:17'),
	(38, 1, '15019486429', '886289', '2015-10-29 10:42:58'),
	(39, 1, '13048864661', '865535', '2015-10-29 10:46:07'),
	(42, 1, '13510168046', '602179', '2015-10-29 11:35:26'),
	(43, 1, '13422896118', '998429', '2015-11-09 14:47:27'),
	(46, 1, '13510168046', '355437', '2015-12-01 12:34:29'),
	(47, 1, '13510168046', '989891', '2015-12-01 12:37:42'),
	(48, 1, '13510168046', '920261', '2015-12-01 12:41:52'),
	(49, 1, '13510168046', '115711', '2015-12-01 12:46:09'),
	(50, 1, '13510168046', '159206', '2015-12-01 12:51:45'),
	(51, 1, '13510168046', '883977', '2015-12-01 13:00:09'),
	(52, 1, '13510168044', '175598', '2015-12-01 13:02:46'),
	(53, 1, '13510112022', '805545', '2015-12-01 13:06:40'),
	(54, 1, '13511112222', '470669', '2015-12-01 13:09:25'),
	(55, 1, '13511113333', '565185', '2015-12-01 13:10:48'),
	(56, 1, '13511114444', '472018', '2015-12-01 13:13:10'),
	(57, 1, '13522224444', '268126', '2015-12-01 13:17:02'),
	(58, 1, '13811112222', '379667', '2015-12-01 13:20:04'),
	(59, 1, '13811112223', '220045', '2015-12-01 13:21:18'),
	(67, 1, '15361040981', '575700', '2015-12-15 20:44:32'),
	(69, 1, '13510168046', '553975', '2015-12-15 21:17:04'),
	(70, 1, '13510168046', '783958', '2015-12-15 21:19:22'),
	(71, 1, '13510168046', '536511', '2015-12-15 21:21:25'),
	(72, 1, '13510168046', '303059', '2015-12-15 21:23:19'),
	(73, 1, '13510168046', '239231', '2015-12-15 21:25:12'),
	(79, 1, '13510168046', '696524', '2016-01-07 09:53:17'),
	(80, 1, '13510168046', '244806', '2016-01-07 09:57:48'),
	(82, 1, '13510168046', '484711', '2016-01-07 11:23:23'),
	(83, 1, '13510168046', '991973', '2016-01-07 11:27:38'),
	(86, 1, '13422896119', '271914', '2016-01-07 11:33:10'),
	(88, 1, '13510168046', '612380', '2016-01-14 18:18:51'),
	(89, 1, '13510168046', '739951', '2016-01-14 18:20:56'),
	(90, 1, '13510168046', '396894', '2016-01-14 18:26:22'),
	(91, 1, '13510168046', '716890', '2016-01-14 18:29:26'),
	(92, 1, '13510168046', '262471', '2016-01-14 18:34:08'),
	(93, 1, '13510168046', '457255', '2016-01-14 18:38:00'),
	(94, 1, '13510168046', '850229', '2016-01-14 18:41:09'),
	(95, 1, '13510168046', '481683', '2016-01-14 18:43:39'),
	(96, 1, '13510168046', '438022', '2016-01-14 18:48:32'),
	(97, 1, '13510168046', '290092', '2016-01-14 18:50:32'),
	(98, 1, '13510168046', '985482', '2016-01-14 18:59:23'),
	(99, 1, '13510168046', '889542', '2016-01-14 19:01:47'),
	(101, 1, '13510168046', '101585', '2016-01-14 19:08:21'),
	(102, 1, '13422896119', '115311', '2016-01-20 11:30:11'),
	(103, 1, '13422896119', '934675', '2016-01-20 11:35:38'),
	(104, 1, '13422896119', '355935', '2016-01-20 11:37:24'),
	(105, 1, '13422896119', '818305', '2016-01-20 11:38:34'),
	(106, 1, '13823581291', '462892', '2016-01-20 21:07:35'),
	(107, 1, '18679795883', '364068', '2016-01-21 10:24:19'),
	(108, 1, '13510168047', '158449', '2016-01-21 10:48:40'),
	(109, 1, '13428660026', '240608', '2016-01-21 20:36:37'),
	(110, 1, '13428660026', '750014', '2016-01-21 20:48:04'),
	(111, 1, '13428660026', '196281', '2016-01-21 20:59:23'),
	(112, 1, '13602641310', '183095', '2016-01-21 21:06:09'),
	(113, 1, '13428660026', '881911', '2016-01-21 21:28:20'),
	(114, 1, '13428660026', '767824', '2016-01-21 21:34:30'),
	(115, 1, '13428660026', '349194', '2016-01-22 14:38:47'),
	(116, 1, '13428660026', '198653', '2016-01-22 16:48:35'),
	(117, 1, '13428660026', '929871', '2016-01-22 16:57:33'),
	(118, 1, '13428660026', '333039', '2016-01-22 20:47:50'),
	(119, 1, '13428660026', '781799', '2016-01-22 21:13:04'),
	(120, 1, '13428660026', '439209', '2016-01-22 21:16:40'),
	(121, 1, '13428660026', '714462', '2016-01-22 21:40:24'),
	(122, 1, '13428660026', '770600', '2016-01-22 21:46:10'),
	(123, 1, '13428660026', '483736', '2016-01-22 22:00:02'),
	(124, 1, '13428660026', '473675', '2016-01-22 22:31:47'),
	(125, 1, '13428660026', '507549', '2016-01-22 22:34:56'),
	(127, 1, '13428660026', '589354', '2016-01-23 11:50:06'),
	(140, 1, '13510168046', '207360', '2016-02-26 15:01:35'),
	(141, 1, '13510168046', '384858', '2016-02-26 16:05:48'),
	(142, 1, '13510168046', '841278', '2016-02-26 16:06:55');
/*!40000 ALTER TABLE `t_sysmgr_sms` ENABLE KEYS */;


-- 导出  表 videomgr.t_sysmgr_stat 结构
CREATE TABLE IF NOT EXISTS `t_sysmgr_stat` (
  `Id` int(11) NOT NULL AUTO_INCREMENT,
  `name` varchar(255) DEFAULT NULL COMMENT '事件名',
  `type` int(11) DEFAULT '0' COMMENT '事件类型 1、video点击；2、video分享；3、video流量；4、商品点击；5、商品分享',
  `param_id` varchar(255) DEFAULT NULL COMMENT 'param的id',
  `content` varchar(255) DEFAULT NULL COMMENT '事件内容',
  `ext` varchar(255) DEFAULT NULL COMMENT '扩展字段',
  `create_time` timestamp NOT NULL DEFAULT CURRENT_TIMESTAMP ON UPDATE CURRENT_TIMESTAMP COMMENT '创建时间',
  PRIMARY KEY (`Id`)
) ENGINE=InnoDB DEFAULT CHARSET=utf8 COMMENT='统计数据';

-- 正在导出表  videomgr.t_sysmgr_stat 的数据：~0 rows (大约)
/*!40000 ALTER TABLE `t_sysmgr_stat` DISABLE KEYS */;
/*!40000 ALTER TABLE `t_sysmgr_stat` ENABLE KEYS */;


-- 导出  表 videomgr.t_sysmgr_store 结构
CREATE TABLE IF NOT EXISTS `t_sysmgr_store` (
  `Id` int(11) NOT NULL AUTO_INCREMENT,
  `name` varchar(255) DEFAULT NULL COMMENT '店铺名字',
  `description` varchar(500) DEFAULT NULL COMMENT '店铺描述',
  `share_content` varchar(400) DEFAULT NULL COMMENT '分享内容',
  `inner_code` varchar(400) DEFAULT NULL COMMENT '内嵌代码',
  `type` varchar(255) DEFAULT NULL COMMENT '播放器类别',
  `private_dns` varchar(400) DEFAULT NULL COMMENT '个性化域名',
  `com_address` varchar(255) DEFAULT NULL COMMENT '公司地址',
  `com_tele` varchar(255) DEFAULT '' COMMENT '公司电话',
  `user_id` int(11) NOT NULL DEFAULT '0' COMMENT '商铺拥有者卖家ID',
  `logo_url` varchar(500) DEFAULT NULL COMMENT '店铺logo图',
  `logo_url_301` varchar(500) DEFAULT NULL COMMENT '301px宽度logo',
  `max_logo_url` varchar(500) DEFAULT NULL COMMENT '大图片',
  `max_logo_url_414` varchar(500) DEFAULT NULL COMMENT '414px宽度logo',
  `status` int(11) NOT NULL DEFAULT '0' COMMENT '店铺状态 0、离线；1、在线；2、审核',
  `create_time` timestamp NOT NULL DEFAULT CURRENT_TIMESTAMP ON UPDATE CURRENT_TIMESTAMP COMMENT '创建时间',
  `update_time` timestamp NOT NULL DEFAULT CURRENT_TIMESTAMP ON UPDATE CURRENT_TIMESTAMP COMMENT '修改时间',
  PRIMARY KEY (`Id`),
  KEY `idx_uid` (`user_id`)
) ENGINE=InnoDB AUTO_INCREMENT=115 DEFAULT CHARSET=utf8 COMMENT='店铺';

-- 正在导出表  videomgr.t_sysmgr_store 的数据：~45 rows (大约)
/*!40000 ALTER TABLE `t_sysmgr_store` DISABLE KEYS */;
INSERT INTO `t_sysmgr_store` (`Id`, `name`, `description`, `share_content`, `inner_code`, `type`, `private_dns`, `com_address`, `com_tele`, `user_id`, `logo_url`, `logo_url_301`, `max_logo_url`, `max_logo_url_414`, `status`, `create_time`, `update_time`) VALUES
	(1, '流行衣服潮流潮流', '专卖本季度最新款衣服，潮流', 'tsdf', '<object type="application/x-shockwave-flash" data="http://video.kaimai8.com/source/swf/YPPlayer.swf" width="768" height="550" id="flashcontent" style="visibility: visible;"><param name="quality" value="high"><param name="allowfullscreen" value="true"><param name="flashvars" value="storeId=1&autoPlay=false&"></object>adsf', '5,399', 'www.cinsay.cc', '深圳', '18678941235', 2, 'https://picazt.blob.core.chinacloudapi.cn/testupload/w570c31.jpg', NULL, NULL, NULL, 1, '2016-01-05 12:39:20', '2016-01-05 12:39:20'),
	(2, '球星波衫潮流', 'nba巨星潮流', '潮流', '<object type="application/x-shockwave-flash" data="http://video.kaimai8.com/source/swf/YPPlayer.swf" width="768" height="550" id="flashcontent" style="visibility: visible;"><param name="quality" value="high"><param name="allowfullscreen" value="true"><param name="flashvars" value="storeId=2&autoPlay=false&"></object>', '5,17', NULL, NULL, NULL, 2, 'https://picazt.blob.core.chinacloudapi.cn/videoimg/546141a5fc024cd0bee5705ed537e22c.jpg', NULL, NULL, NULL, 1, '2016-01-05 12:39:11', '2016-01-05 12:39:11'),
	(3, '足球什么玩意', '西班牙足球', 'C罗', '<object type="application/x-shockwave-flash" data="http://video.kaimai8.com/source/swf/YPPlayer.swf" width="768" height="550" id="flashcontent" style="visibility: visible;"><param name="quality" value="high"><param name="allowfullscreen" value="true"><param name="flashvars" value="storeId=3&autoPlay=false&"></object>', '9,20', 'www.cinsay.cc', '福华中路', '0755', 2, NULL, NULL, NULL, NULL, 1, '2015-11-03 10:43:23', '2015-11-03 10:43:23'),
	(8, '测试用', '测试用', '1312312312312321321321321', NULL, '2', NULL, '3423423', '34234234', 25, NULL, NULL, NULL, NULL, 1, '2015-09-16 05:22:27', '2015-09-16 05:22:27'),
	(9, '莱克斯视频播放器0916', 'Rex播放器测试0916', '绝对是最酷的商店，来看看吧', 'sdjfkldskf', '1,2', 'rex0916', '投行大厦', '23903923', 1, NULL, NULL, NULL, NULL, 0, '2015-09-17 10:24:16', '2015-09-17 10:24:16'),
	(10, '莱克斯0916', '大街上卡了放得开', '戴假发抗衰老的f', '12-039杜继凯发链接', '1,4', NULL, '撒的发', '12313213', 1, NULL, NULL, NULL, NULL, 0, '2015-09-17 10:24:42', '2015-09-17 10:24:42'),
	(11, '传统电商测试', '1231', '3123213', NULL, '2,5', NULL, '123123', '123123', 1, NULL, NULL, NULL, NULL, 0, '2015-09-17 10:42:46', '2015-09-17 10:42:46'),
	(14, '新建播放器', '介绍俄介绍', '12312323', NULL, '1,4', NULL, '阿加思考地轮番撒开地方', '123131232', 1, NULL, NULL, NULL, NULL, 0, '2015-09-17 15:11:05', '2015-09-17 15:11:05'),
	(15, '莱克斯测试0916新更新', '新播放器介绍23213', '12家123 对当地', NULL, '1,4', 'rt09161', 'adddress1232', '421421212', 1, NULL, NULL, NULL, NULL, 0, '2015-09-17 17:41:37', '2015-09-17 17:41:37'),
	(16, 'SellerAdmin播放器', '播放器介绍`~', '内容内容', NULL, '1', 'satest0916', '单放机抵抗力司法', '1293890394', 1, NULL, NULL, NULL, NULL, 0, '2015-09-17 17:37:58', '2015-09-17 17:37:58'),
	(17, '莱克斯测试0916新更新', '新播放器介绍23213', '12家123 对当地', NULL, NULL, 'rt09161', 'adddress1232', '421421212', 1, NULL, NULL, NULL, NULL, 0, '2015-09-17 17:41:48', '2015-09-17 17:41:48'),
	(18, '莱克斯测试0916新更新', '新播放器介绍23213', '12家123 对当地', NULL, '1,4', 'rt09161', 'adddress1232', '421421212', 1, NULL, NULL, NULL, NULL, 0, '2015-09-17 17:42:12', '2015-09-17 17:42:12'),
	(19, '莱克斯测试0916新更新', '新播放器介绍23213', '12家123 对当地', NULL, NULL, 'rt09161', 'adddress1232', '421421212', 1, NULL, NULL, NULL, NULL, 0, '2015-09-17 17:42:15', '2015-09-17 17:42:15'),
	(20, '莱克斯测试0916新更新', '新播放器介绍23213', '12家123 对当地', NULL, NULL, 'rt09161', 'adddress1232', '421421212', 1, NULL, NULL, NULL, NULL, 0, '2015-09-17 17:42:22', '2015-09-17 17:42:22'),
	(21, '莱克斯测试0916新更新', '新播放器介绍23213', '12家123 对当地', NULL, '1,4', 'rt09161', 'adddress1232', '421421212', 1, NULL, NULL, NULL, NULL, 0, '2015-09-17 17:58:05', '2015-09-17 17:58:05'),
	(22, '莱克斯测试0916新更新', '新播放器介绍23213', '12家123 对当地', NULL, NULL, 'rt09161', 'adddress1232', '421421212', 1, NULL, NULL, NULL, NULL, 0, '2015-09-17 17:51:11', '2015-09-17 17:51:11'),
	(23, '莱克斯测试0916新更新', '新播放器介绍23213', '12家123 对当地', NULL, NULL, 'rt09161', 'adddress1232', '421421212', 1, NULL, NULL, NULL, NULL, 0, '2015-09-17 17:51:11', '2015-09-17 17:51:11'),
	(38, '测试ORDER', 'asd', 'adf', '<object type="application/x-shockwave-flash" data="http://video.kaimai8.com/source/swf/YPPlayer.swf" width="768" height="550" id="flashcontent" style="visibility: visible;"><param name="quality" value="high"><param name="allowfullscreen" value="true"><param name="flashvars" value="storeId=38&autoPlay=false&"></object>', '1', NULL, NULL, NULL, 22, NULL, NULL, NULL, NULL, 0, '2015-11-03 09:54:50', '2015-11-03 09:54:50'),
	(39, '蔡依林', '梵蒂冈高铁规划-----回复更好', '反反复复反复反复反复反复反复反复反复反复+++++++++++++++++++++++++\n\n\n\n\n\n\n（（（（（（（（（（（（（（（（（（（（（（（（（————————————-------------', '988888888888888888888888888888888', '1,2,3,4,5,6', 'www.get.com', NULL, NULL, 36, NULL, NULL, NULL, NULL, 0, '2015-09-26 14:00:31', '2015-09-26 14:00:31'),
	(40, NULL, NULL, NULL, NULL, NULL, NULL, NULL, NULL, 36, NULL, NULL, NULL, NULL, 0, '2015-09-26 14:00:35', '2015-09-26 14:00:35'),
	(41, NULL, NULL, NULL, NULL, NULL, NULL, NULL, NULL, 36, NULL, NULL, NULL, NULL, 0, '2015-09-26 14:01:26', '2015-09-26 14:01:26'),
	(42, NULL, NULL, NULL, NULL, NULL, NULL, NULL, NULL, 36, NULL, NULL, NULL, NULL, 0, '2015-09-26 15:25:56', '2015-09-26 15:25:56'),
	(51, '新', '请输入分享信息', '请输入分享信息', '请输入分享信息', '1', 'www.cinsay.cc/super Cinsay ', NULL, NULL, 37, NULL, NULL, NULL, NULL, 0, '2015-09-26 16:34:32', '2015-09-26 16:34:32'),
	(52, NULL, NULL, NULL, NULL, NULL, NULL, NULL, NULL, 2, NULL, NULL, NULL, NULL, 0, '2015-09-26 17:10:25', '2015-09-26 17:10:25'),
	(53, 'sss', 'sss', 'sss', 'ssss', '1', 'sss', NULL, NULL, 38, NULL, NULL, NULL, NULL, 0, '2015-09-26 18:39:19', '2015-09-26 18:39:19'),
	(69, 'd', 'd', 'd', 'd', '1', NULL, NULL, NULL, 21, NULL, NULL, NULL, NULL, 1, '2015-09-30 15:31:04', '2015-09-30 15:31:04'),
	(76, '发放', '大幅度', ' 东方饭店', NULL, '1,4', 'www.cinsay.cc/super', NULL, NULL, 27, NULL, NULL, NULL, NULL, 0, '2015-09-30 17:36:52', '2015-09-30 17:36:52'),
	(85, '测试1004', '测试测试', '特殊test儿童', NULL, '1', NULL, NULL, NULL, 28, NULL, NULL, NULL, NULL, 0, '2015-10-04 23:00:39', '2015-10-04 23:00:39'),
	(87, '测试专用播放器', '测试专用播放器', '分享测试 “河蟹” ', '<object type="application/x-shockwave-flash" data="http://video.kaimai8.com/source/swf/YPPlayer.swf" width="768" height="550" id="flashcontent" style="visibility: visible;"><param name="quality" value="high"><param name="allowfullscreen" value="true"><param name="flashvars" value="storeId=87&autoPlay=false&"></object>', '1,9,17', NULL, NULL, NULL, 20, NULL, NULL, NULL, NULL, 0, '2015-11-13 11:00:42', '2015-11-13 11:00:42'),
	(88, '宋西德测试1', '宋西德测试', '宋西德测试', '<object type="application/x-shockwave-flash" data="http://video.kaimai8.com/source/swf/YPPlayer.swf" width="768" height="550" id="flashcontent" style="visibility: visible;"><param name="quality" value="high"><param name="allowfullscreen" value="true"><param name="flashvars" value="storeId=&autoPlay=false&"></object>', '1', NULL, NULL, NULL, 23, NULL, NULL, NULL, NULL, 0, '2015-11-10 14:57:43', '2015-11-10 14:57:43'),
	(89, 'testtesttesttest', 'testtesttesttest', 'testtesttest', '<object type="application/x-shockwave-flash" data="http://video.kaimai8.com/source/swf/YPPlayer.swf" width="768" height="550" id="flashcontent" style="visibility: visible;"><param name="quality" value="high"><param name="allowfullscreen" value="true"><param name="flashvars" value="storeId=&autoPlay=false&"></object>', '1', NULL, NULL, NULL, 23, NULL, NULL, NULL, NULL, 0, '2015-11-12 14:47:52', '2015-11-12 14:47:52'),
	(92, 'aaaaaaaaaaaaa', 'b', 'c', '<object type="application/x-shockwave-flash" data="http://video.kaimai8.com/source/swf/YPPlayer.swf" width="768" height="550" id="flashcontent" style="visibility: visible;"><param name="quality" value="high"><param name="allowfullscreen" value="true"><param name="flashvars" value="storeId=&autoPlay=false&"></object>', '1', NULL, NULL, NULL, 23, NULL, NULL, NULL, NULL, 0, '2015-11-15 15:03:44', '2015-11-15 15:03:44'),
	(95, '测试搜索爱爱爱', 'DDDDDDD  ', 'DDDDDDD', '<object type="application/x-shockwave-flash" data="http://video.kaimai8.com/source/swf/YPPlayer.swf" width="768" height="550" id="flashcontent" style="visibility: visible;"><param name="quality" value="high"><param name="allowfullscreen" value="true"><param name="flashvars" value="storeId=95&autoPlay=false&"></object>', '1,5,17,26,309', NULL, NULL, NULL, 52, 'https://localtest.blob.core.chinacloudapi.cn/videoimg/bb1e0fb19c9543b78dbfe0be032404c2.jpg', NULL, NULL, NULL, 1, '2016-01-05 12:38:48', '2016-01-05 12:38:48'),
	(100, 'KilalongerPlayer2222', 'KilalongerPlayer2', 'KilalongerPlayer2', '<object type="application/x-shockwave-flash" data="http://video.kaimai8.com/source/swf/YPPlayer.swf" width="768" height="550" id="flashcontent" style="visibility: visible;"><param name="quality" value="high"><param name="allowfullscreen" value="true"><param name="flashvars" value="storeId=100&autoPlay=false&"></object>', '1,5', NULL, NULL, NULL, 60, 'https://localtest.blob.core.chinacloudapi.cn/videoimg/1a7e4f9aa8274a91b2a96a3e597d7265.jpg', NULL, NULL, NULL, 1, '2016-01-18 16:49:56', '2016-01-18 16:49:42'),
	(101, '彭思航测试播放器', '彭思航测试播放器', '彭思航测试播放器', '<object type="application/x-shockwave-flash" data="http://video.kaimai8.com/source/swf/YPPlayer.swf" width="768" height="550" id="flashcontent" style="visibility: visible;"><param name="quality" value="high"><param name="allowfullscreen" value="true"><param name="flashvars" value="storeId=&autoPlay=false&"></object>', '1', NULL, NULL, NULL, 64, 'https://localtest.blob.core.chinacloudapi.cnhttps://localtest.blob.core.chinacloudapi.cn/videoimg/82368c45280841a1bfe88fc2bff82e45.JPG', NULL, NULL, NULL, 1, '2016-01-08 14:40:53', '2016-01-08 14:40:41'),
	(102, '编辑视频测试log', 'te “河蟹” ', 'asdf', '<object type="application/x-shockwave-flash" data="http://video.kaimai8.com/source/swf/YPPlayer.swf" width="768" height="550" id="flashcontent" style="visibility: visible;"><param name="quality" value="high"><param name="allowfullscreen" value="true"><param name="flashvars" value="storeId=102&autoPlay=false&"></object>', '1,17', NULL, NULL, NULL, 60, 'https://localtest.blob.core.chinacloudapi.cnhttps://localtest.blob.core.chinacloudapi.cn/videoimg/81e29d0102134dd69683a97a0fdbd606.jpg', NULL, NULL, NULL, 1, '2016-01-08 09:12:28', '2016-01-08 09:12:16'),
	(103, 'asdfweer', 'asdf', 'ad “河蟹” ', '<object type="application/x-shockwave-flash" data="http://video.kaimai8.com/source/swf/YPPlayer.swf" width="768" height="550" id="flashcontent" style="visibility: visible;"><param name="quality" value="high"><param name="allowfullscreen" value="true"><param name="flashvars" value="storeId=&autoPlay=false&"></object>', '1,13', NULL, NULL, NULL, 60, 'https://localtest.blob.core.chinacloudapi.cn/videoimg/1a7e4f9aa8274a91b2a96a3e597d7265.jpg', NULL, NULL, NULL, 1, '2016-01-05 12:38:48', '2016-01-05 12:38:48'),
	(104, 'asdfqwer', 'qewr', 'qer', '<object type="application/x-shockwave-flash" data="http://video.kaimai8.com/source/swf/YPPlayer.swf" width="768" height="550" id="flashcontent" style="visibility: visible;"><param name="quality" value="high"><param name="allowfullscreen" value="true"><param name="flashvars" value="storeId=&autoPlay=false&"></object>', '17,26', NULL, NULL, NULL, 60, 'https://localtest.blob.core.chinacloudapi.cn/videoimg/81e29d0102134dd69683a97a0fdbd606.jpg', NULL, NULL, NULL, 1, '2016-01-05 12:38:48', '2016-01-05 12:38:48'),
	(105, 'dsafasdf', 'asdf', 'asdf', '<object type="application/x-shockwave-flash" data="http://video.kaimai8.com/source/swf/YPPlayer.swf" width="768" height="550" id="flashcontent" style="visibility: visible;"><param name="quality" value="high"><param name="allowfullscreen" value="true"><param name="flashvars" value="storeId=&autoPlay=false&"></object>', '1,309', NULL, NULL, NULL, 60, 'https://localtest.blob.core.chinacloudapi.cn/videoimg/81e29d0102134dd69683a97a0fdbd606.jpg', NULL, NULL, NULL, 1, '2016-01-05 12:38:48', '2016-01-05 12:38:48'),
	(108, '流量统计测试播放器', '流量统计测试播放器，用完即删', '流量统计测试播放器111', '<object type="application/x-shockwave-flash" data="http://video.kaimai8.com/source/swf/YPPlayer.swf" width="768" height="550" id="flashcontent" style="visibility: visible;"><param name="quality" value="high"><param name="allowfullscreen" value="true"><param name="flashvars" value="storeId=108&autoPlay=false&"></object>', '5', NULL, NULL, NULL, 46, 'http://picmall.kssws.ks-cdn.com/64e0776a1d5243eabc899b50d11c54cb.jpg', 'http://picmall.kssws.ks-cdn.com/124e3cd97cc74048883d968e7a733851.jpg', 'http://picmall.kssws.ks-cdn.com/844a9a20592f4c17992c45945e65fcfe.jpg', 'http://picmall.kssws.ks-cdn.com/713113b2e6604a1aa37b231a0834ccb4.jpg', 1, '2016-03-11 16:11:52', '2016-03-11 16:11:32'),
	(109, '特色发送阿斯蒂芬', '阿斯蒂芬', '阿斯蒂芬', '<object type="application/x-shockwave-flash" data="http://video.kaimai8.com/source/swf/YPPlayer.swf" width="768" height="550" id="flashcontent" style="visibility: visible;"><param name="quality" value="high"><param name="allowfullscreen" value="true"><param name="flashvars" value="storeId=&autoPlay=false&"></object>', '5', NULL, NULL, NULL, 76, 'http://picmall.kssws.ks-cdn.com/d55aa7b030c84c54bb60d05a646cc9f3.jpg', 'http://picmall.kssws.ks-cdn.com/e6cf3a7c010d4292966d029e25eb98f2.jpg', 'http://picmall.kssws.ks-cdn.com/1f13733aa51e424cad607bfb0b08d052.jpg', 'http://picmall.kssws.ks-cdn.com/cc4be05c528846d08a8e2cefcd22e73b.jpg', 0, '2016-02-24 14:44:15', '2016-02-24 14:49:56'),
	(110, 'tasdfasdf', 'asdf', 'asdfas', '<object type="application/x-shockwave-flash" data="http://video.kaimai8.com/source/swf/YPPlayer.swf" width="768" height="550" id="flashcontent" style="visibility: visible;"><param name="quality" value="high"><param name="allowfullscreen" value="true"><param name="flashvars" value="storeId=&autoPlay=false&"></object>', '1', NULL, NULL, NULL, 46, 'http://picmall.kssws.ks-cdn.com/b9be0f8fb779492aa78e88e437cc6326.jpg', 'http://picmall.kssws.ks-cdn.com/00b5723f13904319b431ec65aac56b6b.jpg', 'http://picmall.kssws.ks-cdn.com/8374412abbb54687a66975a133d988da.jpg', 'http://picmall.kssws.ks-cdn.com/2f34f43ddd814885851fbdaf6a0f1c3d.jpg', 1, '2016-03-11 17:14:46', '2016-03-11 17:14:26'),
	(111, 'tasdfasdfsadf', 'asdfsdf', 'asdfsdf', '<object type="application/x-shockwave-flash" data="http://video.kaimai8.com/source/swf/YPPlayer.swf" width="768" height="550" id="flashcontent" style="visibility: visible;"><param name="quality" value="high"><param name="allowfullscreen" value="true"><param name="flashvars" value="storeId=&autoPlay=false&"></object>', '1', NULL, NULL, NULL, 46, 'http://picmall.kssws.ks-cdn.com/64e0776a1d5243eabc899b50d11c54cb.jpg', 'http://picmall.kssws.ks-cdn.com/124e3cd97cc74048883d968e7a733851.jpg', 'http://picmall.kssws.ks-cdn.com/844a9a20592f4c17992c45945e65fcfe.jpg', 'http://picmall.kssws.ks-cdn.com/713113b2e6604a1aa37b231a0834ccb4.jpg', 1, '2016-03-11 17:14:08', '2016-03-11 17:13:49'),
	(112, '测试播放器0311', '测试播放器0311', '测试播放器0311', '<object type="application/x-shockwave-flash" data="http://video.kaimai8.com/source/swf/YPPlayer.swf" width="768" height="550" id="flashcontent" style="visibility: visible;"><param name="quality" value="high"><param name="allowfullscreen" value="true"><param name="flashvars" value="storeId=&autoPlay=false&"></object>', '1,13,23', NULL, NULL, NULL, 83, 'http://picmall.kssws.ks-cdn.com/cf0c1fc17b73478a988dd3bb8c4d63ff.jpg', 'http://picmall.kssws.ks-cdn.com/bb3a5f4d1d9d4ecfa0bb0fba0e950ed9.jpg', 'http://picmall.kssws.ks-cdn.com/939b268d19c645ac8d45a62afd816111.jpg', 'http://picmall.kssws.ks-cdn.com/fd9af0c16b2f4da79da549bbf77b186c.jpg', 1, '2016-03-16 17:11:15', '2016-03-16 17:18:51'),
	(113, 'tefsdfasdfsdf', 'asdfds', 'asdf', '<object type="application/x-shockwave-flash" data="http://video.kaimai8.com/source/swf/YPPlayer.swf" width="768" height="550" id="flashcontent" style="visibility: visible;"><param name="quality" value="high"><param name="allowfullscreen" value="true"><param name="flashvars" value="storeId=&autoPlay=false&"></object>', '1,5,13,17', NULL, NULL, NULL, 83, 'http://picmall.kssws.ks-cdn.com/cf0c1fc17b73478a988dd3bb8c4d63ff.jpg', 'http://picmall.kssws.ks-cdn.com/bb3a5f4d1d9d4ecfa0bb0fba0e950ed9.jpg', 'http://picmall.kssws.ks-cdn.com/939b268d19c645ac8d45a62afd816111.jpg', 'http://picmall.kssws.ks-cdn.com/fd9af0c16b2f4da79da549bbf77b186c.jpg', 1, '2016-03-16 17:10:59', '2016-03-16 17:18:35'),
	(114, 'td “河蟹” asdfsdf', 'asdfsdf', 'asdfsdf', '<object type="application/x-shockwave-flash" data="http://video.kaimai8.com/source/swf/YPPlayer.swf" width="768" height="550" id="flashcontent" style="visibility: visible;"><param name="quality" value="high"><param name="allowfullscreen" value="true"><param name="flashvars" value="storeId=&autoPlay=false&"></object>', '5,17', NULL, NULL, NULL, 83, 'http://picmall.kssws.ks-cdn.com/cf0c1fc17b73478a988dd3bb8c4d63ff.jpg', 'http://picmall.kssws.ks-cdn.com/bb3a5f4d1d9d4ecfa0bb0fba0e950ed9.jpg', 'http://picmall.kssws.ks-cdn.com/939b268d19c645ac8d45a62afd816111.jpg', 'http://picmall.kssws.ks-cdn.com/fd9af0c16b2f4da79da549bbf77b186c.jpg', 1, '2016-03-16 17:10:45', '2016-03-16 17:18:21');
/*!40000 ALTER TABLE `t_sysmgr_store` ENABLE KEYS */;


-- 导出  表 videomgr.t_sysmgr_store_product 结构
CREATE TABLE IF NOT EXISTS `t_sysmgr_store_product` (
  `Id` int(11) NOT NULL AUTO_INCREMENT,
  `user_id` int(11) NOT NULL DEFAULT '0' COMMENT '拥有者Id',
  `store_id` int(11) NOT NULL DEFAULT '0' COMMENT '商铺id',
  `product_id` int(11) NOT NULL DEFAULT '0' COMMENT '商品ID',
  `product_name` varchar(1024) DEFAULT '' COMMENT '商品名称，用于搜索功能',
  `product_desc` varchar(2024) DEFAULT '' COMMENT '商品描述,用于搜索功能',
  `product_type` varchar(128) DEFAULT '' COMMENT '商品类型，用于搜索功能',
  `product_attrs` varchar(2048) DEFAULT '' COMMENT '商品属性',
  `product_price` float unsigned DEFAULT '0' COMMENT '价格',
  `create_time` timestamp NOT NULL DEFAULT CURRENT_TIMESTAMP ON UPDATE CURRENT_TIMESTAMP COMMENT '创建时间',
  PRIMARY KEY (`Id`),
  KEY `idx_sid` (`store_id`)
) ENGINE=InnoDB AUTO_INCREMENT=292 DEFAULT CHARSET=utf8 COMMENT='商品商铺关联表';

-- 正在导出表  videomgr.t_sysmgr_store_product 的数据：~38 rows (大约)
/*!40000 ALTER TABLE `t_sysmgr_store_product` DISABLE KEYS */;
INSERT INTO `t_sysmgr_store_product` (`Id`, `user_id`, `store_id`, `product_id`, `product_name`, `product_desc`, `product_type`, `product_attrs`, `product_price`, `create_time`) VALUES
	(7, 2, 3, 2, '', '', '', '', 0, '2015-08-27 00:11:15'),
	(8, 2, 3, 3, '', '', '', '', 0, '2015-08-27 00:11:15'),
	(9, 2, 1, 1, '', '', '', '', 0, '2015-08-27 00:11:18'),
	(10, 2, 1, 2, '', '', '', '', 0, '2015-08-27 00:11:18'),
	(11, 2, 2, 1, '', '', '', '', 0, '2015-08-27 00:11:24'),
	(12, 2, 2, 4, '', '', '', '', 0, '2015-08-27 00:11:24'),
	(28, 21, 69, 271, '', '', '', '', 0, '2015-10-29 14:47:49'),
	(30, 22, 38, 324, '', '', '', '', 0.01, '2016-01-21 09:28:09'),
	(49, 23, 88, 325, '播放器关联商品无图片1103', NULL, NULL, '', 0, '2015-11-12 14:47:04'),
	(50, 23, 88, 320, '宋西德测试平板电视', NULL, NULL, '', 0, '2015-11-12 14:47:04'),
	(51, 23, 89, 325, '播放器关联商品无图片1103', NULL, NULL, '', 0, '2015-11-12 14:47:59'),
	(52, 23, 89, 320, '宋西德测试平板电视', NULL, NULL, '', 0, '2015-11-12 14:47:59'),
	(108, 20, 87, 261, '教师证', NULL, NULL, '', 888, '2016-03-06 15:57:41'),
	(109, 20, 87, 323, 'ssn4', NULL, NULL, '', 19.01, '2016-02-16 15:29:14'),
	(120, 27, 76, 301, '台灯', '冰箱', NULL, '', 0, '2015-11-14 14:17:40'),
	(121, 27, 76, 296, '欧美风范', '但是', NULL, '', 0, '2015-11-14 14:17:40'),
	(183, 52, 95, 324, 'LLLLLLL', 'SDFSDERF', NULL, '[{"id":23,"values":[0]}]', 0.01, '2015-12-04 11:06:46'),
	(216, 64, 101, 423, '测试商品123', '', NULL, '[{"id":23,"values":[58]},{"id":51,"values":[187]}]', 0.01, '2015-12-29 16:26:34'),
	(229, 60, 104, 417, '测试12312323好长好长文字测试12312323好长好长文字测试12312323好长好长文字测试', '测试12312323', NULL, '[{"id":48,"values":[0]},{"id":117,"values":[0]}]', 4, '2016-01-19 14:09:25'),
	(230, 60, 104, 325, '播放器关联商品无图片1103', 'asdasd', NULL, '[]', 0.01, '2015-12-30 15:51:27'),
	(231, 60, 103, 325, '播放器关联商品无图片1103', 'asdasd', NULL, '[]', 0.01, '2015-12-30 15:51:32'),
	(232, 60, 103, 418, '商品12312323', '商品12312323', NULL, '[]', 1.99, '2015-12-30 15:51:32'),
	(233, 60, 102, 397, '规格测试1', '', NULL, '[]', 1, '2015-12-30 15:51:35'),
	(234, 60, 102, 325, '播放器关联商品无图片1103', 'asdasd', NULL, '[]', 0.01, '2015-12-30 15:51:35'),
	(249, 60, 105, 325, '播放器关联商品无图片1103', 'asdasd', NULL, '[]', 2, '2016-01-05 09:30:09'),
	(251, 60, 100, 398, '地地道道的', '', NULL, '[{"id":48,"values":[0]},{"id":117,"values":[0]}]', 1, '2016-01-18 16:49:56'),
	(252, 60, 100, 417, '测试12312323好长好长文字测试12312323好长好长文字测试12312323好长好长文字测试', '测试12312323', NULL, '[{"id":48,"values":[0]},{"id":117,"values":[0]}]', 4, '2016-01-19 14:09:26'),
	(277, 83, 112, 516, '商品031102', '商品031102', NULL, '[{"id":54,"values":[195,196]},{"id":55,"values":[201,202]},{"id":56,"values":[0]}]', 9999, '2016-03-11 14:27:02'),
	(278, 83, 112, 515, '测试商品发布0311', '测试商品发布0311', NULL, '[{"id":54,"values":[195,196,197,198,199,200]},{"id":55,"values":[201,202,203,204,205]},{"id":56,"values":[0]}]', 0.01, '2016-03-11 14:27:02'),
	(280, 46, 110, 323, 'ssn4', 'ggc', NULL, '[{"id":29,"values":[83]},{"id":30,"values":[82]},{"id":31,"values":[80]},{"id":48,"values":[171]},{"id":49,"values":[172]},{"id":116,"values":[530]},{"id":117,"values":[542]}]', 19.01, '2016-03-11 14:39:54'),
	(281, 46, 110, 319, 'DT版电脑', '', NULL, '[{"id":54,"values":[196,197,200]},{"id":55,"values":[201,202,203]},{"id":56,"values":[207]}]', 0.01, '2016-03-11 14:39:54'),
	(284, 46, 108, 319, 'DT版电脑', '', NULL, '[{"id":54,"values":[196,197,200]},{"id":55,"values":[201,202,203]},{"id":56,"values":[207]}]', 0.01, '2016-03-11 16:11:50'),
	(285, 46, 108, 317, '测试葡萄酒', '测试', NULL, '[{"id":104,"values":[462]},{"id":105,"values":[469]}]', 100, '2016-03-11 16:11:50'),
	(286, 46, 111, 323, 'ssn4', 'ggc', NULL, '[{"id":29,"values":[83]},{"id":30,"values":[82]},{"id":31,"values":[80]},{"id":48,"values":[171]},{"id":49,"values":[172]},{"id":116,"values":[530]},{"id":117,"values":[542]}]', 19.01, '2016-03-11 16:53:00'),
	(287, 83, 113, 516, '商品031102', '商品031102', NULL, '[{"id":54,"values":[195,196]},{"id":55,"values":[201,202]},{"id":56,"values":[0]}]', 9999, '2016-03-14 17:07:35'),
	(288, 83, 113, 515, '测试商品发布0311', '测试商品发布0311', NULL, '[{"id":54,"values":[195,196,197,198,199,200]},{"id":55,"values":[201,202,203,204,205]},{"id":56,"values":[0]}]', 0.01, '2016-03-14 17:07:35'),
	(290, 83, 114, 516, '商品031102', '商品031102', NULL, '[{"id":54,"values":[195,196]},{"id":55,"values":[201,202]},{"id":56,"values":[0]}]', 9999, '2016-03-15 10:39:40'),
	(291, 83, 114, 517, '测试商品', '11111', NULL, '[{"id":48,"values":[0]},{"id":117,"values":[0]}]', 100, '2016-03-15 10:39:40');
/*!40000 ALTER TABLE `t_sysmgr_store_product` ENABLE KEYS */;


-- 导出  表 videomgr.t_sysmgr_store_video 结构
CREATE TABLE IF NOT EXISTS `t_sysmgr_store_video` (
  `Id` int(11) NOT NULL AUTO_INCREMENT,
  `user_id` int(11) NOT NULL DEFAULT '0' COMMENT '拥有者Id',
  `store_id` int(11) NOT NULL DEFAULT '0' COMMENT '商铺id',
  `video_id` int(11) NOT NULL DEFAULT '0' COMMENT '商品ID',
  `create_time` timestamp NOT NULL DEFAULT CURRENT_TIMESTAMP ON UPDATE CURRENT_TIMESTAMP COMMENT '创建时间',
  PRIMARY KEY (`Id`),
  KEY `idx_user` (`user_id`),
  KEY `idx_sid` (`store_id`)
) ENGINE=InnoDB AUTO_INCREMENT=354 DEFAULT CHARSET=utf8 COMMENT='视频商铺关联表';

-- 正在导出表  videomgr.t_sysmgr_store_video 的数据：~39 rows (大约)
/*!40000 ALTER TABLE `t_sysmgr_store_video` DISABLE KEYS */;
INSERT INTO `t_sysmgr_store_video` (`Id`, `user_id`, `store_id`, `video_id`, `create_time`) VALUES
	(5, 2, 2, 2, '2015-08-27 16:06:37'),
	(6, 2, 2, 4, '2015-08-27 16:06:37'),
	(7, 2, 2, 3, '2015-08-27 16:06:37'),
	(19, 2, 1, 3, '2015-09-15 21:58:19'),
	(20, 2, 1, 2, '2015-09-15 21:58:19'),
	(21, 2, 1, 8, '2015-09-15 21:58:19'),
	(22, 2, 1, 7, '2015-09-15 21:58:19'),
	(23, 2, 1, 5, '2015-09-15 21:58:19'),
	(24, 2, 1, 4, '2015-09-15 21:58:19'),
	(25, 2, 3, 8, '2015-09-15 22:04:56'),
	(26, 2, 3, 7, '2015-09-15 22:04:56'),
	(27, 2, 3, 3, '2015-09-15 22:04:56'),
	(29, 25, 8, 12, '2015-09-16 05:21:21'),
	(49, 22, 38, 34, '2015-10-29 10:14:59'),
	(60, 20, 87, 33, '2015-11-05 10:26:42'),
	(66, 23, 88, 35, '2015-11-12 14:47:12'),
	(67, 23, 89, 35, '2015-11-12 14:48:01'),
	(91, 27, 76, 36, '2015-11-13 09:23:44'),
	(100, 52, 95, 42, '2015-11-25 15:17:00'),
	(206, 60, 104, 51, '2015-12-25 15:18:08'),
	(207, 60, 104, 50, '2015-12-25 15:18:08'),
	(208, 60, 103, 51, '2015-12-25 15:20:03'),
	(221, 60, 105, 51, '2016-01-05 09:30:15'),
	(222, 60, 105, 50, '2016-01-05 09:30:15'),
	(241, 60, 102, 50, '2016-01-05 14:58:57'),
	(242, 60, 102, 58, '2016-01-05 14:58:57'),
	(243, 60, 102, 51, '2016-01-05 14:58:57'),
	(294, 64, 101, 54, '2016-01-08 14:40:52'),
	(295, 64, 101, 65, '2016-01-08 14:40:52'),
	(298, 60, 100, 51, '2016-01-18 16:47:20'),
	(335, 76, 109, 81, '2016-02-24 14:44:15'),
	(341, 46, 108, 88, '2016-03-11 14:48:01'),
	(342, 46, 108, 59, '2016-03-11 14:48:01'),
	(346, 46, 111, 59, '2016-03-11 17:14:08'),
	(347, 46, 111, 88, '2016-03-11 17:14:08'),
	(348, 46, 110, 88, '2016-03-11 17:14:45'),
	(351, 83, 114, 89, '2016-03-16 17:10:45'),
	(352, 83, 113, 89, '2016-03-16 17:10:59'),
	(353, 83, 112, 89, '2016-03-16 17:11:15');
/*!40000 ALTER TABLE `t_sysmgr_store_video` ENABLE KEYS */;


-- 导出  表 videomgr.t_sysmgr_user 结构
CREATE TABLE IF NOT EXISTS `t_sysmgr_user` (
  `id` int(11) NOT NULL AUTO_INCREMENT COMMENT '用户id',
  `username` varchar(200) DEFAULT NULL COMMENT '用户名',
  `partner_account_name` varchar(255) DEFAULT NULL COMMENT '合作方账号',
  `qqid_key` varchar(100) DEFAULT NULL COMMENT '播放器需要调用qq应用',
  `partner_mobile` varchar(20) DEFAULT NULL COMMENT '手机号',
  `password` varchar(200) NOT NULL DEFAULT '' COMMENT '密码',
  `email` varchar(200) DEFAULT '' COMMENT '邮箱地址',
  `role_id` int(11) DEFAULT '2' COMMENT '角色id',
  `package_id` int(11) NOT NULL DEFAULT '0' COMMENT '套餐类型',
  `status` int(11) NOT NULL DEFAULT '0' COMMENT '帐号状态 -1、停用；0审核；1、可用',
  `create_time` timestamp NOT NULL DEFAULT CURRENT_TIMESTAMP ON UPDATE CURRENT_TIMESTAMP COMMENT '创建时间',
  `partner_account_id` int(10) unsigned NOT NULL DEFAULT '0' COMMENT '合作方账户Id',
  `partner_id` int(10) unsigned NOT NULL DEFAULT '0' COMMENT '合作方id',
  PRIMARY KEY (`id`),
  KEY `role_id` (`role_id`),
  KEY `idx_pid` (`partner_account_id`,`partner_id`)
) ENGINE=InnoDB AUTO_INCREMENT=93 DEFAULT CHARSET=utf8 COMMENT='用户管理表';

-- 正在导出表  videomgr.t_sysmgr_user 的数据：~55 rows (大约)
/*!40000 ALTER TABLE `t_sysmgr_user` DISABLE KEYS */;
INSERT INTO `t_sysmgr_user` (`id`, `username`, `partner_account_name`, `qqid_key`, `partner_mobile`, `password`, `email`, `role_id`, `package_id`, `status`, `create_time`, `partner_account_id`, `partner_id`) VALUES
	(1, 'admin', NULL, '', NULL, '8NPDHHZLMdkfMfSK+iggpA==', '', 1, 1, 0, '2015-08-12 22:58:01', 0, 0),
	(2, 'luoyh', 'selleradmin', '', NULL, 'hhNi2UoieA6cGaDzgX25Mw==', 'luoyh@corp.21cn.com', 1, 1, 1, '2015-09-28 06:49:25', 0, 0),
	(3, 'luojc', NULL, '', NULL, 'wuZuBuzamGKM1JfF4Vb3/g==', 'luojc@qq.com', 3, 2, 1, '2015-08-26 17:35:52', 0, 0),
	(4, 'sunhy', NULL, '', NULL, 'wuZuBuzamGKM1JfF4Vb3/g==', 'sunhy@qq.com', 1, 1, 1, '2015-08-12 22:58:02', 0, 0),
	(5, 'liuw', NULL, '', NULL, 'wuZuBuzamGKM1JfF4Vb3/g==', 'liuw@qq.com', 0, 1, 0, '2015-08-12 22:58:03', 0, 0),
	(13, 'azt2015090509464', 'a378', '', NULL, '', '', 2, 1, 1, '2015-09-07 10:24:16', 0, 0),
	(14, NULL, NULL, '', NULL, '', '', 2, 1, 0, '2015-09-12 17:27:18', 2, 1),
	(15, NULL, NULL, '', NULL, '', '', 2, 0, 0, '2015-09-12 17:45:13', 3, 1),
	(16, NULL, NULL, '', NULL, '', '', 2, 0, 0, '2015-09-12 17:53:25', 4, 1),
	(17, NULL, NULL, '', NULL, '', '', 2, 0, 0, '2015-09-12 17:56:25', 5, 1),
	(18, NULL, NULL, '', NULL, '', '', 2, 0, 0, '2015-09-12 18:02:23', 6, 1),
	(19, NULL, NULL, '', NULL, '', '', 2, 0, 0, '2015-09-15 22:54:07', 11, 1),
	(20, NULL, 'SellerAdmin', 'lsjdkjwoeirosglaskfjwoejosgdlas', NULL, '', '', 2, 1, 0, '2015-11-12 15:25:53', 1, 1),
	(21, NULL, 'maple_chen', '', NULL, '', '', 2, 1, 0, '2015-09-23 11:01:43', 243, 1),
	(22, NULL, 'doris', '', NULL, '', '', 2, 1, 1, '2016-03-15 13:42:53', 262, 1),
	(24, NULL, NULL, '', NULL, '', '', 2, 0, 0, '2015-09-15 17:39:30', 22, 1),
	(25, NULL, 'kewell5', '', NULL, '', '', 2, 1, 0, '2015-09-16 05:11:36', 264, 1),
	(26, NULL, 'maple_test', '', NULL, '', '', 2, 0, 0, '2015-09-16 15:37:15', 246, 1),
	(27, NULL, 'oyxp72487', '', NULL, '', '', 2, 1, 0, '2015-09-22 11:01:39', 265, 1),
	(28, NULL, 'rextest0916', '', NULL, '', '', 2, 1, 0, '2015-09-22 14:43:13', 267, 1),
	(29, NULL, 'oyxpaa', '', NULL, '', '', 2, 0, 1, '2016-03-15 14:46:27', 268, 1),
	(30, NULL, 'maple_a', '', NULL, '', '', 2, 0, 0, '2015-09-18 11:00:32', 271, 1),
	(31, NULL, 'yang_hai_100', '', NULL, '', '', 2, 0, 0, '2015-09-18 14:13:30', 244, 1),
	(32, NULL, 'rextest0922', '', NULL, '', '', 2, 0, 0, '2015-09-22 15:11:02', 274, 1),
	(33, NULL, 'oyxp11', '', NULL, '', '', 2, 0, 0, '2015-09-23 09:57:13', 275, 1),
	(34, NULL, 'oyxpaa12', '', NULL, '', '', 2, 0, 0, '2015-09-23 10:35:28', 279, 1),
	(35, NULL, 'admin', '', NULL, '', '', 2, 0, 0, '2015-09-24 19:07:41', 0, 2),
	(36, NULL, 'oyxpabcd', '', NULL, '', '', 2, 1, 0, '2015-09-26 13:58:38', 282, 1),
	(37, NULL, 'cccc', '', NULL, '', '', 2, 1, 0, '2015-09-26 16:33:45', 280, 1),
	(38, NULL, 'Hairry', '', NULL, '', '', 2, 1, 0, '2015-09-26 17:58:51', 263, 1),
	(39, NULL, 'oyxpaa11', '', NULL, '', '111111111@qq.com', 2, 0, 0, '2015-09-29 06:51:04', 287, 1),
	(40, NULL, 'shopkenny1', 'dd4', NULL, '', '', 2, 0, 0, '2015-11-12 16:36:07', 308, 1),
	(41, NULL, 'zzzz', '', NULL, '', 'dsd@dsad.com', 2, 0, 0, '2015-10-29 10:02:57', 297, 1),
	(42, NULL, 'Doris1', '', NULL, '', '', 2, 0, 0, '2015-10-29 14:58:36', 310, 1),
	(43, NULL, 'managerkenny2', '', NULL, '', '', 2, 0, 0, '2015-11-02 18:20:16', 315, 1),
	(44, NULL, 'kilalonger1', '', NULL, '', '123@qq.com', 2, 0, 0, '2015-11-11 14:11:21', 266, 1),
	(45, NULL, 'shopkenny10', '', NULL, '', '', 2, 0, 0, '2015-11-16 10:33:45', 321, 1),
	(46, NULL, 'SellerAdmin', 'lsjdkjwoeirosglaskfjwoejosgdlas', NULL, '', 'Yang@hishop.com', 2, 1, 0, '2016-02-19 14:57:18', 276, 1),
	(47, NULL, 'shopkenny1', 'dd4', NULL, '', '', 2, 0, 0, '2015-11-17 14:22:14', 381, 1),
	(48, NULL, 'oyxp72487', '', NULL, '', 'a724857350@sina.com', 2, 0, 0, '2015-11-17 18:10:56', 317, 1),
	(49, NULL, 'shopkenny5', '', NULL, '', '', 2, 0, 0, '2015-11-17 18:22:10', 385, 1),
	(76, NULL, 'kilalonger', '', '13422896118', '', 'mylonger@126.com', 2, 0, 0, '2016-03-02 14:35:53', 294, 1),
	(77, NULL, 'admin', NULL, NULL, '', NULL, 2, 0, 0, '2016-01-19 15:37:44', 277, 2),
	(78, NULL, 'admin', NULL, NULL, '', NULL, 2, 0, 0, '2016-01-19 16:59:16', 1, 2),
	(79, NULL, 'kilalonger', '', '', '', '236248071@qq.com', 2, 0, 0, '2016-03-02 16:01:58', 313, 1),
	(80, NULL, 'pengsihang', '116212507', '', '', '', 2, 0, 0, '2016-01-20 10:59:26', 414, 1),
	(81, NULL, 'doris', '', '', '', 'hairry.zhou@azt-china.com', 2, 0, 0, '2016-01-20 13:44:42', 314, 1),
	(82, NULL, 'rextest', '', '13510692662', '', '', 2, 0, 0, '2016-01-20 14:41:00', 413, 1),
	(83, NULL, 'maple_chen', '1', '', '', '2@22.com', 2, 3, 0, '2016-03-11 14:19:39', 290, 1),
	(84, NULL, 'maple_chen', 'e14b5984131676bae633ad490a1f939666ccd694bba6fbab', '', '', '403398857@qq.com', 2, 3, 0, '2016-03-11 13:58:21', 293, 1),
	(85, NULL, 'shopkenny13', '454545', '13510168046', '', '767@q.com', 2, 0, 0, '2016-02-26 11:08:44', 425, 1),
	(86, NULL, 'shopk1', '5456435654', '13510168046', '', '44@qq.com', 2, 0, 0, '2016-02-26 13:18:37', 427, 1),
	(87, NULL, 'shopk2', '66666666666', '13510168046', '', '66666@qq.com', 2, 0, 0, '2016-02-26 13:28:18', 428, 1),
	(88, NULL, 'shopk3', '12344445555', '13510168046', '', '211@qq.com', 2, 0, 0, '2016-02-26 13:59:10', 429, 1),
	(89, NULL, 'shopk4', '54545458888', '13510168046', '', '1409@q.com', 2, 0, 0, '2016-02-26 14:23:02', 430, 1),
	(90, NULL, 'shopk5', '454544', '15361040981', '', 'k565656565@q.com', 2, 0, 0, '2016-02-26 17:01:58', 431, 1),
	(91, NULL, 'shopk6', '6565656', '13510168046', '', '545@q.com', 2, 0, 0, '2016-02-29 10:11:48', 432, 1),
	(92, NULL, '买家卖家网', '434444', '', '', '1724857350@qq.com', 2, 0, 0, '2016-03-11 16:08:43', 339, 1);
/*!40000 ALTER TABLE `t_sysmgr_user` ENABLE KEYS */;


-- 导出  表 videomgr.t_sysmgr_video 结构
CREATE TABLE IF NOT EXISTS `t_sysmgr_video` (
  `id` int(10) unsigned NOT NULL AUTO_INCREMENT COMMENT 'id',
  `user_id` int(11) NOT NULL DEFAULT '0' COMMENT '上传卖家id',
  `guid` varchar(36) NOT NULL DEFAULT '' COMMENT 'guid 32位标识码',
  `title` varchar(100) NOT NULL DEFAULT '' COMMENT '名称',
  `descript` varchar(1000) NOT NULL DEFAULT '' COMMENT '视频简介',
  `video_size` float NOT NULL DEFAULT '0' COMMENT '流文件大小（单位：MB）',
  `h5_video_size` float NOT NULL DEFAULT '0' COMMENT 'h5流文件大小（单位：MB）',
  `video_cnum` bigint(20) unsigned NOT NULL DEFAULT '0' COMMENT '视频观看次数',
  `h5_video_cnum` bigint(20) unsigned NOT NULL DEFAULT '0' COMMENT 'h5视频观看次数',
  `video` varchar(500) DEFAULT '' COMMENT '视频地址',
  `h5_video` varchar(1000) DEFAULT '' COMMENT '视频h5地址',
  `upload_asset_id` varchar(64) DEFAULT '' COMMENT '视频微软云id',
  `encode_asset_id` varchar(500) DEFAULT '' COMMENT '视频微软云编码id',
  `img_max` varchar(500) NOT NULL DEFAULT '' COMMENT '大图1004',
  `img_max_414` varchar(500) NOT NULL DEFAULT '' COMMENT '大图414',
  `img_min_301` varchar(500) NOT NULL DEFAULT '' COMMENT '小图301',
  `img_min` varchar(500) NOT NULL DEFAULT '' COMMENT '小图188',
  `storage` tinyint(3) unsigned DEFAULT '1' COMMENT '存储平台  0：本地；1：微软云；2：金山云；',
  `type_name` tinyint(3) unsigned DEFAULT '0' COMMENT '类型',
  `sort_order` smallint(5) unsigned DEFAULT '0' COMMENT '视频排序值',
  `active` tinyint(3) unsigned DEFAULT '0' COMMENT '是否激活',
  `check_state` tinyint(3) unsigned DEFAULT '0' COMMENT '审核状态 1:待审核;2:上线;3:未通过;4:下线',
  `check_msg` varchar(1000) DEFAULT '' COMMENT '审核消息',
  `create_time` timestamp NULL DEFAULT '1971-01-01 08:00:00' COMMENT '创建时间',
  `update_time` timestamp NULL DEFAULT '1971-01-01 08:00:00' COMMENT '修改时间',
  PRIMARY KEY (`id`),
  KEY `user_id` (`user_id`)
) ENGINE=InnoDB AUTO_INCREMENT=90 DEFAULT CHARSET=utf8 COMMENT='视频';

-- 正在导出表  videomgr.t_sysmgr_video 的数据：~37 rows (大约)
/*!40000 ALTER TABLE `t_sysmgr_video` DISABLE KEYS */;
INSERT INTO `t_sysmgr_video` (`id`, `user_id`, `guid`, `title`, `descript`, `video_size`, `h5_video_size`, `video_cnum`, `h5_video_cnum`, `video`, `h5_video`, `upload_asset_id`, `encode_asset_id`, `img_max`, `img_max_414`, `img_min_301`, `img_min`, `storage`, `type_name`, `sort_order`, `active`, `check_state`, `check_msg`, `create_time`, `update_time`) VALUES
	(25, 20, '5d90afb0-16c0-4d29-818a-b16b2bc2aa2d', '中秋s', 'v ssss', 34.675, 0, 4, 34, 'http://video9cooo.streaming.mediaservices.chinacloudapi.cn/760acfa4-4a6a-48c3-ab44-f348c16db5d8/c5924132509a463588e447f7b2ce3547.ism/Manifest', 'https://video9cooo.blob.core.chinacloudapi.cn/asset-f87d415d-1500-80c4-15b1-f1e56e70551e/1c3658ea78e34177b2a0775b6d2882e7.mp4?sv=2012-02-12&sr=c&si=e98af0a4-94eb-4beb-9bd9-de0b5c0b8791&sig=o3wmfMYUpGhil3E6tOWVhSQlS9BYathxKa3sQna8Ct8%3D&se=2026-10-19T05%3A07%3A37Z', 'nb:cid:UUID:5e8b415d-1500-80c4-0c77-f1e564def035', 'nb:cid:UUID:5e8b415d-1500-80c4-0c94-f1e564def035', '/videoimg/24182a0efd81490baddc074bebe95ea9.jpg', '', '', '/videoimg/33f709de91214ca2ae865a17abd6604c.jpg', 1, 0, 0, 1, 2, '', '2015-09-27 06:16:51', '2015-10-03 15:11:51'),
	(30, 20, '513d4a29-6ef0-4161-b32f-1feb07f8aecd', 'NNNN', 'NNNNN', 0, 0, 0, 0, 'http://video9cooo.streaming.mediaservices.chinacloudapi.cn/1d135e2c-0ef9-4e58-a2b9-730e0bd261ce/1c3658ea78e34177b2a0775b6d2882e7.ism/Manifest', 'https://video9cooo.blob.core.chinacloudapi.cn/asset-f87d415d-1500-80c4-15b1-f1e56e70551e/1c3658ea78e34177b2a0775b6d2882e7.mp4?sv=2012-02-12&sr=c&si=e98af0a4-94eb-4beb-9bd9-de0b5c0b8791&sig=o3wmfMYUpGhil3E6tOWVhSQlS9BYathxKa3sQna8Ct8%3D&se=2026-10-19T05%3A07%3A37Z', 'nb:cid:UUID:f87d415d-1500-80c4-15b1-f1e56e70551e', 'nb:cid:UUID:28a2415d-1500-80c4-cd83-f1e56e705bc0', '/videoimg/ebc14d93d0a7478abd3bf6998f0df344.jpg', '', '', '/videoimg/d24a577d85bf473d94b3cde999654b67.jpg', 1, 0, 0, 1, 2, '', '2015-10-09 18:24:54', '2015-11-05 10:24:09'),
	(31, 20, '1c968cc7-4831-4e44-b892-b3dfb3d9d479', 'MMM', 'MMMMMDDD', 0, 0, 0, 0, 'http://video9cooo.streaming.mediaservices.chinacloudapi.cn/87bf29a0-4b88-445c-8402-ad8cb5e425ae/11012a391464400fa0270c0fc9e5a3f5.ism/Manifest', 'https://video9cooo.blob.core.chinacloudapi.cn/asset-28a2415d-1500-80c4-75b4-f1e56e72faf2/11012a391464400fa0270c0fc9e5a3f5.mp4?sv=2012-02-12&sr=c&si=4a5281ee-d4d1-476c-955d-50c3e0395d86&sig=eCRUjHj8THZUqJPIwpZmNBSRL13Cx9zueyn%2BWrlahF0%3D&se=2026-10-19T05%3A26%3A36Z', 'nb:cid:UUID:28a2415d-1500-80c4-75b4-f1e56e72faf2', 'nb:cid:UUID:5e8b415d-1500-80c4-fa83-f1e56e73019e', '/videoimg/cb708948fa75492e90b17783efe843db.jpg', '', '', '/videoimg/d02067216ca54888993df37276ff7128.jpg', 1, 0, 0, 0, 2, '', '2015-10-09 18:45:15', '2015-10-09 18:51:34'),
	(33, 20, 'afaddcbf-b940-4231-9c86-365ee77bba66', 'MMMDMDMD', 'UUUUUEERE', 4.14648, 9.21312, 0, 0, 'http://video9cooo.streaming.mediaservices.chinacloudapi.cn/43206be1-7976-494f-9699-0ed41474952d/c516898ecccb4c1e8fa8dde7f5076283.ism/Manifest', 'https://video9cooo.blob.core.chinacloudapi.cn/asset-28a2415d-1500-80c4-fb02-f1e57de2d60e/c34d82958b8c448e9c37c3270fc5c122_H264_1900kbps_AAC_und_ch2_96kbps.mp4?sv=2012-02-12&sr=c&si=0ba705f7-a914-486a-8e04-0876601711c6&sig=biUkGGbDJ4Z3t6OJbE%2FFFqOFF%2F0Mtyqqy2e0rJs3W7w%3D&se=2026-11-07T20%3A56%3A02Z', 'nb:cid:UUID:855f415d-1500-80c4-f85b-f1e57c73ed76', 'nb:cid:UUID:28a2415d-1500-80c4-81b7-f1e57c73fa0c', '/videoimg/d643c6b3206943f5b2a0050fac30d246.png', '', '', '/videoimg/8f9f44a7d62845a19d7eab39c7a58cbe.png', 1, 0, 0, 1, 2, '', '2015-10-27 14:26:06', '2015-11-05 10:26:12'),
	(34, 22, '41dcc590-0c27-431f-9268-e60dee2aebc3', 'MMMMMMMM', 'DDDDDD', 4.67029, 1.52222, 0, 0, 'http://video9cooo.streaming.mediaservices.chinacloudapi.cn/1941d456-1197-4242-8ba8-df4208e7da21/c34d82958b8c448e9c37c3270fc5c122.ism/Manifest', 'https://video9cooo.blob.core.chinacloudapi.cn/asset-28a2415d-1500-80c4-fb02-f1e57de2d60e/c34d82958b8c448e9c37c3270fc5c122_H264_1900kbps_AAC_und_ch2_96kbps.mp4?sv=2012-02-12&sr=c&si=0ba705f7-a914-486a-8e04-0876601711c6&sig=biUkGGbDJ4Z3t6OJbE%2FFFqOFF%2F0Mtyqqy2e0rJs3W7w%3D&se=2026-11-07T20%3A56%3A02Z', 'nb:cid:UUID:5e8b415d-1500-80c4-c8f0-f1e57de2aa1c', 'nb:cid:UUID:28a2415d-1500-80c4-fb02-f1e57de2d60e', '/videoimg/7a9b4ceb24934faa95cb7649a4aab18e.jpg', '', '', '/videoimg/b5b1c7b1cf654b37ab39361d15b91292.jpg', 1, 0, 0, 1, 2, '', '2015-10-29 10:12:14', '2015-10-29 10:12:14'),
	(35, 23, 'df44dec7-9e46-4062-b67b-fab03161c021', 'testtest', 'testtesttesttest', 28.7303, 9.89945, 0, 0, 'http://video9cooo.streaming.mediaservices.chinacloudapi.cn/a134c4a8-fedb-4230-8e0f-8d335ebca56c/3b7096a21d3648bf8087b05aa3123ea1.ism/Manifest', 'https://video9cooo.blob.core.chinacloudapi.cn/asset-855f415d-1500-80c4-a430-f1e5890932aa/3b7096a21d3648bf8087b05aa3123ea1_H264_1900kbps_AAC_und_ch2_96kbps.mp4?sv=2012-02-12&sr=c&si=8cbf38b3-155e-4d3e-9fb3-9f098aa8792d&sig=6ntxFwuLSPATTgggiDUBGm09lB8DteDMa2meF6Sf4kg%3D&se=2026-11-22T01%3A29%3A37Z', 'nb:cid:UUID:5e8b415d-1500-80c4-24e6-f1e589092fa9', 'nb:cid:UUID:855f415d-1500-80c4-a430-f1e5890932aa', '/videoimg/6aa42f1987284a39af755e9b818f5e01.jpg', '', '', '/videoimg/36281332e11646bfba6fbaba7729b7fd.jpg', 1, 0, 0, 1, 2, '', '2015-11-12 14:45:50', '2015-11-12 14:46:48'),
	(36, 27, 'c7cd58e2-40ac-45eb-a76c-968ab7974e92', '鼎折覆餗4343', '但是', 21.8114, 7.36171, 0, 0, 'http://video9cooo.streaming.mediaservices.chinacloudapi.cn/917e50fd-0fc1-40ab-8b92-6cf8e35c277c/3dbc6f410bb94b04b431e53da50e74e2.ism/Manifest', 'https://video9cooo.blob.core.chinacloudapi.cn/asset-28a2415d-1500-80c4-21f2-f1e58917a0ac/3dbc6f410bb94b04b431e53da50e74e2_H264_1900kbps_AAC_und_ch2_96kbps.mp4?sv=2012-02-12&sr=c&si=fcc3d021-256c-45a1-8b74-d34bebb90db3&sig=SEZMlvkYKp%2BoNsP7dFC7kfGijHddR4ds66aZgENedzc%3D&se=2026-11-22T03%3A12%3A12Z', 'nb:cid:UUID:28a2415d-1500-80c4-21c1-f1e58917a0ac', 'nb:cid:UUID:28a2415d-1500-80c4-21f2-f1e58917a0ac', '/videoimg/f41547f330a54130a3f595a9ad8d83f5.png', '', '', '/videoimg/8b3b2cca235348a9b6b1f491d6f3be87.png', 1, 0, 0, 1, 2, '', '2015-11-12 17:08:14', '2015-11-13 09:24:44'),
	(37, 23, 'ac1ba5de-a37b-4995-a5fa-91cfbe93dead', 'songtest', 'songtesttest', 70.9737, 23.3087, 0, 0, 'http://video9cooo.streaming.mediaservices.chinacloudapi.cn/63e1236b-c0fc-48e9-a45a-bb6792a83f75/b044368575b646e2a3f1f554dd937e92.ism/Manifest', 'https://video9cooo.blob.core.chinacloudapi.cn/asset-844200fa-1700-80c4-1916-f1e58a7de629/b044368575b646e2a3f1f554dd937e92_H264_1900kbps_AAC_und_ch2_96kbps.mp4?sv=2012-02-12&sr=c&si=4914c753-eda5-43df-9f31-5cd2223b6bcd&sig=28%2BlZEpyXvdafGW7znW5uVNBjKPrSlmrECXaTs4Vxws%3D&se=2026-11-23T21%3A58%3A00Z', 'nb:cid:UUID:844200fa-1700-80c4-18f9-f1e58a7de629', 'nb:cid:UUID:844200fa-1700-80c4-1916-f1e58a7de629', '/videoimg/f6122c7da3014a88a0178f1d45d2c4c0.jpg', '', '', '/videoimg/dbdc95a752884a6f9b3289bc7d0f9a8f.jpg', 1, 0, 0, 0, 4, '[{"createTime":1448007786461,"id":1,"msg":"下线","state":4}]', '2015-11-14 11:14:41', '2015-11-20 16:23:07'),
	(41, 23, '16e7c2ce-7282-497b-90bd-6fbef3c16966', 'cccccccccdsdsdsd', 'ddddddddddsdsd', 70.9737, 23.3087, 0, 0, 'http://video9cooo.streaming.mediaservices.chinacloudapi.cn/1b798101-6b6f-4cfe-9f40-f7224b5a3c31/be962a0c307e4e2b9ab6183ba90b902f.ism/Manifest', 'https://video9cooo.blob.core.chinacloudapi.cn/asset-7d2e00fa-1700-80c4-6853-f1e58b668c4a/be962a0c307e4e2b9ab6183ba90b902f_H264_1900kbps_AAC_und_ch2_96kbps.mp4?sv=2012-02-12&sr=c&si=103c7efd-cf6a-4a61-846b-84dc9a2dec5a&sig=BlB4tKA6j9FmpfWKGcn1uXytCzvsWae6kG3Zd27CM40%3D&se=2026-11-25T01%3A43%3A12Z', 'nb:cid:UUID:754000fa-1700-80c4-fe1a-f1e58b66884f', 'nb:cid:UUID:7d2e00fa-1700-80c4-6853-f1e58b668c4a', '/videoimg/18f77fe665124e46bb3e8f8e734c5d64.jpg', '', '', '/videoimg/7859561ee81a4c1aa7816b49df8e1f93.jpg', 1, 0, 0, 0, 2, '[{"createTime":1448007398700,"id":1,"msg":"下线","state":4}]', '2015-11-15 14:58:58', '2015-11-20 16:36:38'),
	(42, 52, 'd7c69214-198e-4741-9570-39234967c449', 'SDFSFD', 'SFDSFER', 4.67029, 1.52222, 0, 0, 'http://video9cooo.streaming.mediaservices.chinacloudapi.cn/c76fd6f4-554d-4e67-a5ec-674a557f8e2e/1ef4c1aaa1f6487bb98f575d9923f3b9.ism/Manifest', 'https://video9cooo.blob.core.chinacloudapi.cn/asset-7d2e00fa-1700-80c4-ac16-f1e58e675b55/1ef4c1aaa1f6487bb98f575d9923f3b9_H264_1900kbps_AAC_und_ch2_96kbps.mp4?sv=2012-02-12&sr=c&si=9922c68b-79aa-4fc4-940c-ebd1ff8050bf&sig=MJiZfWhzNeScvSU6SFziwA5mjrX3fgtoWF31SJ1Qcrc%3D&se=2026-11-28T21%3A25%3A15Z', 'nb:cid:UUID:844200fa-1700-80c4-7aa6-f1e58e6739c2', 'nb:cid:UUID:7d2e00fa-1700-80c4-ac16-f1e58e675b55', '/videoimg/1e252d65cde04c798357cfd0fd548d63.jpg', '', '', '/videoimg/bb1e0fb19c9543b78dbfe0be032404c2.jpg', 1, 0, 0, 1, 2, '', '2015-11-19 10:41:23', '2015-11-19 14:40:10'),
	(48, 60, '53e37ec6-6938-46e3-96f6-c1a00baf5f0a', 'testtest1', 'test', 8.67241, 2.82265, 1, 1, 'http://testenv.streaming.mediaservices.chinacloudapi.cn/003c4ec3-e325-4f02-a2c0-0405bcd379c0/4e9e78351ee648fe80a03a4f011b0dc6.ism/Manifest', 'https://testenv.blob.core.chinacloudapi.cn/asset-7d2e00fa-1700-80c4-e0a6-f1e59ef30292/4e9e78351ee648fe80a03a4f011b0dc6_H264_1900kbps_AAC_und_ch2_96kbps.mp4?sv=2012-02-12&sr=c&si=74ff5878-aa52-47cd-910a-ddcf9fdc935b&sig=kEwYFVh85UkxLLoszvHIsb%2FbCcO%2FmZs3GRMdYJOeOnU%3D&se=2026-12-19T22%3A45%3A12Z', 'nb:cid:UUID:754000fa-1700-80c4-8d1b-f1e59ef30365', 'nb:cid:UUID:7d2e00fa-1700-80c4-e0a6-f1e59ef30292', '/videoimg/c8186b3f837f40ac9589d8878ab3c822.jpg', '', '', '/videoimg/b8e376f256b5448a8c2ba61c561ca2c0.jpg', 1, 0, 0, 0, 1, '', '2015-12-10 10:57:07', '2015-12-10 12:00:34'),
	(49, 60, '90c6ad3b-f083-4baf-bf8e-a37f80c7bb9e', 'testest2', 'test2', 8.67241, 2.82265, 1, 1, 'http://testenv.streaming.mediaservices.chinacloudapi.cn/232e9eff-5625-4947-94de-ee6282f94c22/0fc34b66ec0f4418a6d68dca9f4ee331.ism/Manifest', 'https://testenv.blob.core.chinacloudapi.cn/asset-754000fa-1700-80c4-f62e-f1e59eeb34ac/0fc34b66ec0f4418a6d68dca9f4ee331_H264_1900kbps_AAC_und_ch2_96kbps.mp4?sv=2012-02-12&sr=c&si=4a7521c3-157a-40d3-b673-7df6ff540c28&sig=fH8w6A7rxlWCV6wqmJmLhAoqw9gTTmZI1tv%2FtkoThrQ%3D&se=2026-12-19T21%3A49%3A36Z', 'nb:cid:UUID:e42900fa-1700-80c4-4715-f1e59eeb32a9', 'nb:cid:UUID:754000fa-1700-80c4-f62e-f1e59eeb34ac', '/videoimg/f8bf697960de4fdcbfd7caf189a5c17a.jpg', '', '', '/videoimg/ceda1d135af341bdb38f6f167544e21f.jpg', 1, 0, 0, 0, 1, '', '2015-12-10 11:03:12', '2015-12-10 11:04:59'),
	(50, 60, 'a4f1a5c2-5922-4e69-a0c6-2860c3dad7a5', 'tesrsadf', 'asdfsad', 8.67241, 2.82265, 1, 1, 'http://testenv.streaming.mediaservices.chinacloudapi.cn/1f96c161-c28a-4851-b84e-ebbf61151770/003ed69657d34dd596788a5b9f720e10.ism/Manifest', 'https://testenv.blob.core.chinacloudapi.cn/asset-e42900fa-1700-80c4-e1ad-f1e59f207b2c/003ed69657d34dd596788a5b9f720e10_H264_1900kbps_AAC_und_ch2_96kbps.mp4?sv=2012-02-12&sr=c&si=618427ea-06ce-4ae2-8731-3485301eec3d&sig=z8DA%2B0cnyt%2FOfc6egO%2BP5oXCJuDGkPyP7VKM4%2Bl2xFs%3D&se=2026-12-20T04%3A14%3A28Z', 'nb:cid:UUID:e42900fa-1700-80c4-e184-f1e59f207b2c', 'nb:cid:UUID:e42900fa-1700-80c4-e1ad-f1e59f207b2c', '/videoimg/9ffa153f6d9b4bf7bde11e0759b3f6fc.jpg', '', '', '/videoimg/81e29d0102134dd69683a97a0fdbd606.jpg', 1, 0, 0, 1, 2, '', '2015-12-10 17:24:37', '2015-12-21 14:14:55'),
	(51, 60, 'ce203474-08b7-4795-825c-ccc0f0749b68', '32332323223', '22222222222222', 21.7993, 7.36519, 32, 1, 'http://testenv.streaming.mediaservices.chinacloudapi.cn/96a50e0c-3064-4aa5-9fab-4a19da18e520/4ffb93c6d2bb4ae998afcbb428cdc86d.ism/Manifest', 'https://testenv.blob.core.chinacloudapi.cn/asset-e42900fa-1700-80c4-b6c3-f1e59feb8bc9/4ffb93c6d2bb4ae998afcbb428cdc86d_H264_1900kbps_AAC_und_ch2_96kbps.mp4?sv=2012-02-12&sr=c&si=8156d538-1856-44b1-b39b-4dc14a366c40&sig=Pquj5vRjItUP%2BnoyXivX6PPsSKoimZD5umRpLG%2BhJXo%3D&se=2026-12-21T04%3A24%3A36Z', 'nb:cid:UUID:e42900fa-1700-80c4-b6a6-f1e59feb8bc9', 'nb:cid:UUID:e42900fa-1700-80c4-b6c3-f1e59feb8bc9', '/videoimg/bdced5cb354142d0971453aa9ceaebba.jpg', '', '', '/videoimg/1a7e4f9aa8274a91b2a96a3e597d7265.jpg', 1, 0, 0, 1, 2, '', '2015-12-11 17:38:13', '2015-12-14 11:25:14'),
	(53, 64, 'b12512c7-e91e-4000-b675-641422e4c544', '测试视频123456', '测试视频123', 15.1587, 5.13051, 42, 0, 'http://testenv.streaming.mediaservices.chinacloudapi.cn/5ceec418-7faa-4c90-86b7-60196ed31b96/79fde7a641f648f19afe125fb7eed535.ism/Manifest', 'https://testenv.blob.core.chinacloudapi.cn/asset-bc4100fa-1700-80c4-db4a-f1e5a85d224e/79fde7a641f648f19afe125fb7eed535_H264_1900kbps_AAC_und_ch2_96kbps.mp4?sv=2012-02-12&sr=c&si=01f78a20-1f89-4a8d-866f-9bea187945d4&sig=LdYG696daxaj9nkZIji20F%2BDzz7Qt2%2FqWIUrpcLJV0Q%3D&se=2026-12-31T22%3A18%3A04Z', 'nb:cid:UUID:994900fa-1700-80c4-9634-f1e5a85d04aa', 'nb:cid:UUID:bc4100fa-1700-80c4-db4a-f1e5a85d224e', '/videoimg/afa7d174ed7b41f291dac93add5b8c66.jpg', '', '', '/videoimg/253f90b2e0fc4260a5f1c4a4033be9ab.jpg', 1, 0, 0, 1, 2, '', '2015-12-22 11:30:30', '2016-01-06 14:02:48'),
	(54, 64, '2c931dce-6183-4b29-9a79-02c85a873d21', 'fantasynianhuias', 'fantasynianhui', 46.5076, 15.9005, 24, 0, 'http://testenv.streaming.mediaservices.chinacloudapi.cn/7dd35881-e831-4072-a8b3-cb8f0a278314/62a9f6cba83f46b1807394fbd9784042.ism/Manifest', 'https://testenv.blob.core.chinacloudapi.cn/asset-324000fa-1700-80c4-ce03-f1e5a87f0fcf/62a9f6cba83f46b1807394fbd9784042_H264_1900kbps_AAC_und_ch2_96kbps.mp4?sv=2012-02-12&sr=c&si=2c0c14e4-124d-4266-8445-03ea81deeb07&sig=F4DpulpwM318pBBOEohhrpI0G8ERN%2FxdVye4ayZGCKY%3D&se=2027-01-01T02%3A23%3A50Z', 'nb:cid:UUID:0f4100fa-1700-80c4-ca0e-f1e5a87eb9fb', 'nb:cid:UUID:324000fa-1700-80c4-ce03-f1e5a87f0fcf', '/videoimg/88198cb3e1294608a8267e2812728874.png', '', '', '/videoimg/9a417832636b4153b1c4cbd82aef5c42.png', 1, 0, 0, 0, 4, '[{"createTime":1451958067494,"id":1,"msg":"adsfasdf","state":4}]', '2015-12-22 15:31:47', '2016-01-05 09:41:07'),
	(58, 60, '5ecfff68-d08f-49a3-8038-04ec54ca7bcd', 'tesdfad “河蟹” ', 'tefsdf', 0, 0, 1, 1, 'http://videomall.kssws.ks-cdn.com/08f375243d8c4ab2a55c6d13f3d6657f.mp4_1161_30_636x356.mp4?AccessKeyId=hcd8nl286b7RNCoJygZ%2F&Expires=2171964893&Signature=mbkphznbhdhI51UvQgKt8KqZizc%3D', 'http://videomall.kssws.ks-cdn.com/08f375243d8c4ab2a55c6d13f3d6657f.mp4_1161_30_636x356.mp4?AccessKeyId=hcd8nl286b7RNCoJygZ%2F&Expires=2171964893&Signature=mbkphznbhdhI51UvQgKt8KqZizc%3D', '08f375243d8c4ab2a55c6d13f3d6657f.mp4', '00PYspsXR91J', '0fb5d6db42834e58ad5ac59255213986.png', '', '', '0e55a51e8a904bd793860acd4c1dfa9a.png', 2, 0, 0, 1, 2, '', '2016-01-05 11:34:22', '2016-01-05 13:10:49'),
	(59, 46, 'd9979804-57a0-4ca1-ad00-d71cc30612bc', 'asdfawerg', 'sdfwer “河蟹” f', 0, 0, 17, 0, 'http://videomall.kssws.ks-cdn.com/7965e23f17b447e08e98fde99b1071df.MOV_1161_30_636x356.mp4?AccessKeyId=hcd8nl286b7RNCoJygZ%2F&Expires=2171976243&Signature=rhrxGQO%2FveB1WLm5xwZZAu5txyo%3D', 'http://videomall.kssws.ks-cdn.com/7965e23f17b447e08e98fde99b1071df.MOV_1161_30_636x356.mp4?AccessKeyId=hcd8nl286b7RNCoJygZ%2F&Expires=2171976243&Signature=rhrxGQO%2FveB1WLm5xwZZAu5txyo%3D', '7965e23f17b447e08e98fde99b1071df.MOV', '00PYtcFMGNLE', '844a9a20592f4c17992c45945e65fcfe.jpg', '713113b2e6604a1aa37b231a0834ccb4.jpg', '124e3cd97cc74048883d968e7a733851.jpg', '64e0776a1d5243eabc899b50d11c54cb.jpg', 2, 0, 0, 1, 2, '', '2016-01-05 14:39:53', '2016-02-24 14:47:22'),
	(60, 64, '06b30fb1-d8e6-4aee-b66c-a91deda7ac45', '不要下线视频拜托', '不要下线视频拜托', 0, 0, 2, 0, 'http://videomall.kssws.ks-cdn.com/4e9f59ba4d894f7595ba87837e93641c.mp4_1161_30_636x356.mp4?AccessKeyId=hcd8nl286b7RNCoJygZ%2F&Expires=2171977334&Signature=Hd1GU1ujky9g4XinLxykIflFxXY%3D', 'http://videomall.kssws.ks-cdn.com/4e9f59ba4d894f7595ba87837e93641c.mp4_1161_30_636x356.mp4?AccessKeyId=hcd8nl286b7RNCoJygZ%2F&Expires=2171977334&Signature=Hd1GU1ujky9g4XinLxykIflFxXY%3D', '4e9f59ba4d894f7595ba87837e93641c.mp4', '00PYti8SAN6u', 'http://picmall.kssws.ks-cdn.com/http://picmall.kssws.ks-cdn.com/72626bf75ed448008590f8297893fc25.png', '', '', 'http://picmall.kssws.ks-cdn.com/http://picmall.kssws.ks-cdn.com/70a6d6fe55274e5aa07ab99e8a70a2ba.png', 2, 0, 0, 1, 2, '', '2016-01-05 15:02:03', '2016-01-05 15:04:14'),
	(61, 64, '19717f4f-f538-45bd-845b-50336db8108e', 'AirJordan', '测试视频AirJordanAirJordan', 0, 0, 69, 0, 'http://videomall.kssws.ks-cdn.com/037860dd131d44378f761875e624b775.MOV_1161_30_636x356.mp4?AccessKeyId=hcd8nl286b7RNCoJygZ%2F&Expires=2172060671&Signature=5DU%2FVJFoCm0JKs7BZppn3ddpH6U%3D', 'http://videomall.kssws.ks-cdn.com/037860dd131d44378f761875e624b775.MOV_1161_30_636x356.mp4?AccessKeyId=hcd8nl286b7RNCoJygZ%2F&Expires=2172060671&Signature=5DU%2FVJFoCm0JKs7BZppn3ddpH6U%3D', '037860dd131d44378f761875e624b775.MOV', '00PYzLosMSnt', '301601220c094851beef217d21487844.jpg', '', '', 'fadbee852a3d4321be3e2983aa87c5d9.jpg', 2, 0, 0, 1, 2, '', '2016-01-06 14:10:54', '2016-01-06 16:03:36'),
	(63, 60, '53b86986-9189-4eff-b8bf-294acb0ff8a6', 'asdfasdfasdfasdf111', 'asdfsadf', 0, 0, 1, 1, 'http://videomall.kssws.ks-cdn.com/5649572b17db4a31962ac57d092a7698.mp4_1161_30_636x356.mp4?AccessKeyId=hcd8nl286b7RNCoJygZ%2F&Expires=2172068262&Signature=TOhxxxKVJNg9JchdNM5bBPlRnhU%3D', 'http://videomall.kssws.ks-cdn.com/5649572b17db4a31962ac57d092a7698.mp4_1161_30_636x356.mp4?AccessKeyId=hcd8nl286b7RNCoJygZ%2F&Expires=2172068262&Signature=TOhxxxKVJNg9JchdNM5bBPlRnhU%3D', '5649572b17db4a31962ac57d092a7698.mp4', '00PYzpWtQzvG', '010726f6adef41f2a2e0488244d21a6d.jpg', '', '', '6cff47f232e74f06af95063eee303b46.jpg', 2, 0, 0, 0, 1, '', '2016-01-06 16:17:10', '2016-01-08 09:49:33'),
	(64, 60, 'c00797d9-8543-4506-8529-931bf44410fb', '中文阿斯蒂芬阿斯蒂芬111', '阿斯顿发送到', 8.67241, 2.82265, 1, 1, 'http://testenv.streaming.mediaservices.chinacloudapi.cn/cf389533-693f-44f6-b827-93f4aa46779b/a4688d7d7a1647368dfe513bbeeffc5f.ism/Manifest', 'https://testenv.blob.core.chinacloudapi.cn/asset-324000fa-1700-80c4-c574-f1e5b50de14e/a4688d7d7a1647368dfe513bbeeffc5f_H264_1900kbps_AAC_und_ch2_96kbps.mp4?sv=2012-02-12&sr=c&si=c8dbf337-2257-4791-8777-2ea9660e1d89&sig=bRbQGwivAd8rG%2Fdl8nAKLkGlr0xyevtpMw3kFahpSmI%3D&se=2027-01-17T03%3A00%3A29Z', 'nb:cid:UUID:0f4100fa-1700-80c4-893b-f1e5b50dc72d', 'nb:cid:UUID:324000fa-1700-80c4-c574-f1e5b50de14e', '/videoimg/51765f9d5f9044b9b912ea5fd849edfe.jpg', '', '', '/videoimg/af7847d0dcd24b869b20aa9fa3efe043.jpg', 1, 0, 0, 0, 1, '', '2016-01-07 15:13:43', '2016-01-08 09:48:36'),
	(65, 64, 'ba0da898-9485-4e4f-bbc2-da607d03901d', '测试视频123', ' 测试视频123', 4.67029, 1.52222, 58, 0, 'http://testenv.streaming.mediaservices.chinacloudapi.cn/c4758518-f35f-4846-88b4-8f50340de008/d5e9c8a4ae15405fae388e551f6bff0d.ism/Manifest', 'https://testenv.blob.core.chinacloudapi.cn/asset-0f4100fa-1700-80c4-c0f0-f1e5b5c3fcdc/d5e9c8a4ae15405fae388e551f6bff0d_H264_1900kbps_AAC_und_ch2_96kbps.mp4?sv=2012-02-12&sr=c&si=e58b703b-28e8-461a-a322-448eecfc4fc3&sig=0ycPM6gfqn21ZmHfPjAAnOBS5g8gaC4XSJyHP6rUMNo%3D&se=2027-01-17T23%3A36%3A14Z', 'nb:cid:UUID:324000fa-1700-80c4-7691-f1e5b5c3f619', 'nb:cid:UUID:0f4100fa-1700-80c4-c0f0-f1e5b5c3fcdc', '/videoimg/b6f999c1ea654d95a3ba1df17b3e3e73.JPG', '', '', '/videoimg/82368c45280841a1bfe88fc2bff82e45.JPG', 1, 0, 0, 1, 2, '', '2016-01-08 12:49:54', '2016-01-08 13:48:59'),
	(72, 46, '6acb511d-37f1-40dc-a4ea-dc5e194a4d20', 'SSSSSSSS', 'SSSSS', 0.782135, 0.782135, 0, 0, 'http://videomall.kssws.ks-cdn.com/66dd2914d46645f5953b1c23029ed18e.MOV_1161_30_636x356.mp4?AccessKeyId=hcd8nl286b7RNCoJygZ%2F&Expires=2174135737&Signature=RB3eEfdGHb2SO97JkDNShSFRQXQ%3D', 'http://videomall.kssws.ks-cdn.com/66dd2914d46645f5953b1c23029ed18e.MOV_1161_30_636x356.mp4?AccessKeyId=hcd8nl286b7RNCoJygZ%2F&Expires=2174135737&Signature=RB3eEfdGHb2SO97JkDNShSFRQXQ%3D', '66dd2914d46645f5953b1c23029ed18e.MOV', '00PbFmhEk4Fe', 'b2759337cf8f4fd5a005714f41f068e5.jpg', '', '', '143038c5644f4162bc87d826ef05f223.jpg', 2, 0, 0, 0, 1, '', '2016-01-30 14:35:25', '2016-01-30 14:35:37'),
	(75, 46, '93fc8435-ea83-4782-97b1-d30dc274aac6', '中文测的试的订单', '中文测的试的订单', 0.782135, 0.782135, 0, 0, 'http://videomall.kssws.ks-cdn.com/893e323e18ad438580e82b924003c2b8.MOV_1161_30_636x356.mp4?AccessKeyId=hcd8nl286b7RNCoJygZ%2F&Expires=2174490766&Signature=PlW9ChrZvbOaz2I04TDje%2BymSyo%3D', 'http://videomall.kssws.ks-cdn.com/893e323e18ad438580e82b924003c2b8.MOV_1161_30_636x356.mp4?AccessKeyId=hcd8nl286b7RNCoJygZ%2F&Expires=2174490766&Signature=PlW9ChrZvbOaz2I04TDje%2BymSyo%3D', '893e323e18ad438580e82b924003c2b8.MOV', '00PbdoNOrPSb', 'f8d76a06575f4bd4b645efa39708f1e4.jpg', '', '', 'cebbdb0fa01b4c4d8f941da8c17391a0.jpg', 2, 0, 0, 0, 1, '', '2016-01-31 14:34:11', '2016-02-03 17:29:25'),
	(78, 76, '854483e1-56bd-4b95-bcfb-765633086899', '特色发达省份', '阿斯蒂芬时代复分', 1.69769, 1.69769, 0, 0, 'http://videomall.kssws.ks-cdn.com/96f8132cab8c4ad1b3b33c32e5398403.mp4_1161_30_636x356.mp4?AccessKeyId=hcd8nl286b7RNCoJygZ%2F&Expires=2175694769&Signature=I5efDVrQv4l6D62TNyK5Mtl9Bnk%3D', 'http://videomall.kssws.ks-cdn.com/96f8132cab8c4ad1b3b33c32e5398403.mp4_1161_30_636x356.mp4?AccessKeyId=hcd8nl286b7RNCoJygZ%2F&Expires=2175694769&Signature=I5efDVrQv4l6D62TNyK5Mtl9Bnk%3D', '96f8132cab8c4ad1b3b33c32e5398403.mp4', '00PcxFCW8PVS', '8708166facf646319103f7f8fef749d2.jpg', 'bf314c93764f4ff697b0f1becb3ce8dc.jpg', 'da664698944d46e2b62bdfa8437e678a.jpg', 'e50ec8b318224d4989b14fc1d9045b1f.jpg', 2, 0, 0, 0, 1, '', '2016-02-17 15:38:28', '2016-02-17 15:39:29'),
	(79, 76, '3ff67775-5e2f-4634-a215-5370950b6a8f', '阿萨德法撒旦法撒旦', '阿斯蒂芬', 1.69769, 1.69769, 0, 0, 'http://videomall.kssws.ks-cdn.com/d91b5b9f40cc488fa8d1c97194e55a40.mp4_1161_30_636x356.mp4?AccessKeyId=hcd8nl286b7RNCoJygZ%2F&Expires=2175696483&Signature=2K4GrfDpnCSa1ymxIpY8pypyiIY%3D', 'http://videomall.kssws.ks-cdn.com/d91b5b9f40cc488fa8d1c97194e55a40.mp4_1161_30_636x356.mp4?AccessKeyId=hcd8nl286b7RNCoJygZ%2F&Expires=2175696483&Signature=2K4GrfDpnCSa1ymxIpY8pypyiIY%3D', 'd91b5b9f40cc488fa8d1c97194e55a40.mp4', '00PcxMOOWzaE', '55d1efd89653476cb6b47555202b3bc4.jpg', '9b466cbf9e354b05ad23ccbdd76aad4e.jpg', 'a22c630ef64f4493a8cfb694d311535d.jpg', 'c1c6cc1d752549acac1558f0225a97c1.jpg', 2, 0, 0, 0, 1, '', '2016-02-17 16:06:34', '2016-02-17 16:08:03'),
	(80, 76, '9b88c31a-ac95-4d97-9870-46416191df53', '阿斯顿发送到分', '阿斯蒂芬', 1.69769, 1.69769, 0, 0, 'http://videomall.kssws.ks-cdn.com/6c0742a48b954200bb8027018d45f2c3.mp4_1161_30_636x356.mp4?AccessKeyId=hcd8nl286b7RNCoJygZ%2F&Expires=2175707534&Signature=w7arLqnUO3JClhxGkIXxhysMx9o%3D', 'http://videomall.kssws.ks-cdn.com/6c0742a48b954200bb8027018d45f2c3.mp4_1161_30_636x356.mp4?AccessKeyId=hcd8nl286b7RNCoJygZ%2F&Expires=2175707534&Signature=w7arLqnUO3JClhxGkIXxhysMx9o%3D', '6c0742a48b954200bb8027018d45f2c3.mp4', '00Pcy9rWyGS6', 'a054c0029c9847f58f822e57d059460e.jpg', 'a213ceacdcf140d1aee5a15b3361b3f9.jpg', '36807d9eb54e45a098ef82925ef14a09.jpg', '0d67566d2a2b49d3a7b7782cd0480be0.jpg', 2, 0, 0, 0, 1, '', '2016-02-17 16:14:31', '2016-02-17 19:12:14'),
	(81, 76, 'ae83fc3e-e870-4aaf-9de2-d4a043f70647', '阿朵司法所地方', '阿斯蒂芬', 1.69769, 1.69769, 0, 0, 'http://videomall.kssws.ks-cdn.com/c4078650e78b4a20bcc6e08dfb32d634.mp4_1161_30_636x356.mp4?AccessKeyId=hcd8nl286b7RNCoJygZ%2F&Expires=2175711133&Signature=wTb3%2BevJcVJ1Mf%2FRvrB6v%2BAiNps%3D', 'http://videomall.kssws.ks-cdn.com/c4078650e78b4a20bcc6e08dfb32d634.mp4_1161_30_636x356.mp4?AccessKeyId=hcd8nl286b7RNCoJygZ%2F&Expires=2175711133&Signature=wTb3%2BevJcVJ1Mf%2FRvrB6v%2BAiNps%3D', 'c4078650e78b4a20bcc6e08dfb32d634.mp4', '00PcyOxpehu5', '1f13733aa51e424cad607bfb0b08d052.jpg', 'cc4be05c528846d08a8e2cefcd22e73b.jpg', 'e6cf3a7c010d4292966d029e25eb98f2.jpg', 'd55aa7b030c84c54bb60d05a646cc9f3.jpg', 2, 0, 0, 1, 2, '', '2016-02-17 16:18:19', '2016-02-24 14:49:51'),
	(82, 46, '1fffe736-5936-4ab6-946f-97ddaf9a2659', 'te “河蟹” dsadfasdf', 'asdfsd', 1.69769, 1.69769, 0, 0, 'http://videomall.kssws.ks-cdn.com/28316d389e314afb9547df0e1d608f77.mp4_1161_30_636x356.mp4?AccessKeyId=hcd8nl286b7RNCoJygZ%2F&Expires=2175696912&Signature=bRnv7r%2FERW2pxWHxGVXaMJmPsbw%3D', 'http://videomall.kssws.ks-cdn.com/28316d389e314afb9547df0e1d608f77.mp4_1161_30_636x356.mp4?AccessKeyId=hcd8nl286b7RNCoJygZ%2F&Expires=2175696912&Signature=bRnv7r%2FERW2pxWHxGVXaMJmPsbw%3D', '28316d389e314afb9547df0e1d608f77.mp4', '00PcxRICrzcx', '08ada99e98994da283c50d8bddb14994.jpg', '114ac882fa354330b15693abea18013a.jpg', 'e66242c16b5d4a67942b2023ec3acabe.jpg', 'd6d162762882455dbad2901fffad84d7.jpg', 2, 0, 0, 0, 1, '', '2016-02-17 16:14:06', '2016-02-17 17:35:26'),
	(83, 76, '6f61b21d-705a-47c0-8832-dc75fcdf89e6', 'tesdfasdfweasd', 'asdfesdfawasdf', 2.50078, 2.50078, 0, 0, 'http://videomall.kssws.ks-cdn.com/ffc80e36d8ea486283f69dc0497a640e.mp4_1161_30_636x356.mp4?AccessKeyId=hcd8nl286b7RNCoJygZ%2F&Expires=2176715167&Signature=7ac1AdPaQM9asJuzHAxrS5ahOdI%3D', 'http://videomall.kssws.ks-cdn.com/ffc80e36d8ea486283f69dc0497a640e.mp4_1161_30_636x356.mp4?AccessKeyId=hcd8nl286b7RNCoJygZ%2F&Expires=2176715167&Signature=7ac1AdPaQM9asJuzHAxrS5ahOdI%3D', 'ffc80e36d8ea486283f69dc0497a640e.mp4', '00Pe4K9sa114', '93d9a589b55146dc8a34da6477e5e689.jpg', 'ec07791d880043c6854451ababfef891.jpg', '976069f2a4a7459a9501057f650c545f.jpg', 'e31b9b0637a14de694448ce3551e5a59.jpg', 2, 0, 0, 0, 1, '', '2016-02-29 10:04:08', '2016-02-29 11:29:27'),
	(84, 76, 'e1ba896e-8581-4b4a-942f-2df715ffc902', 'testdfsdfasdf', 'asdfasdfe', 2.50078, 2.50078, 0, 0, 'http://videomall.kssws.ks-cdn.com/f864faf4f73b4336abc24790cecab76a.mp4_1161_30_636x356.mp4?AccessKeyId=hcd8nl286b7RNCoJygZ%2F&Expires=2176712669&Signature=4uRF2lkZLXrg%2BVOYdLitpvioG%2BU%3D', 'http://videomall.kssws.ks-cdn.com/f864faf4f73b4336abc24790cecab76a.mp4_1161_30_636x356.mp4?AccessKeyId=hcd8nl286b7RNCoJygZ%2F&Expires=2176712669&Signature=4uRF2lkZLXrg%2BVOYdLitpvioG%2BU%3D', 'f864faf4f73b4336abc24790cecab76a.mp4', '00Pe49hpQDng', '4976581135b34f099d2965225d5af4e5.jpg', 'a36cff5d60c24dc9a2f7b4f5cb269adc.jpg', '1cad27d91eac415c9777924d0d6a41b8.jpg', 'f2ac46e77ec347bc92b730b587eb1e95.jpg', 2, 0, 0, 0, 1, '', '2016-02-29 10:23:48', '2016-02-29 10:24:30'),
	(85, 76, '3b6e736d-94f7-44e1-b67e-136ee141e0b2', '特殊党费撒啊特色辅导费', '阿斯多夫的', 1.61874, 1.61874, 0, 0, 'http://videomall.kssws.ks-cdn.com/5ddf3a4003ed4b2799a1cb9ad79a278a.mp4_1161_30_636x356.mp4?AccessKeyId=hcd8nl286b7RNCoJygZ%2F&Expires=2176890235&Signature=jmoz1CVMHfOwiwpKDIqqolg7bpo%3D', 'http://videomall.kssws.ks-cdn.com/5ddf3a4003ed4b2799a1cb9ad79a278a.mp4_1161_30_636x356.mp4?AccessKeyId=hcd8nl286b7RNCoJygZ%2F&Expires=2176890235&Signature=jmoz1CVMHfOwiwpKDIqqolg7bpo%3D', '5ddf3a4003ed4b2799a1cb9ad79a278a.mp4', '00PeGAhoSG0f', '303fac1da2544acea2a383392bd93007.jpg', 'a49ece0397fe42019051d8da58ba4cbf.jpg', '7d8c3e285c1a4fa699784653834d8544.jpg', '106e512a0a824d00b760bc9c4fa9cc86.jpg', 2, 0, 0, 0, 2, '', '2016-02-29 10:55:49', '2016-03-06 17:59:56'),
	(86, 76, '79ecc899-ce4f-4a8d-9340-99fa8257b7e6', 'tesdfad “河蟹” sadfa', 'sdfasdfsadf', 2.50078, 2.50078, 0, 0, 'http://videomall.kssws.ks-cdn.com/3bc2dfda37df45e4b6eaa81339fd68f4.mp4_1161_30_636x356.mp4?AccessKeyId=hcd8nl286b7RNCoJygZ%2F&Expires=2176714883&Signature=3k8fI4xS39NHfIU6I0Y5DJd7o%2Fs%3D', 'http://videomall.kssws.ks-cdn.com/3bc2dfda37df45e4b6eaa81339fd68f4.mp4_1161_30_636x356.mp4?AccessKeyId=hcd8nl286b7RNCoJygZ%2F&Expires=2176714883&Signature=3k8fI4xS39NHfIU6I0Y5DJd7o%2Fs%3D', '3bc2dfda37df45e4b6eaa81339fd68f4.mp4', '00Pe4Izo6L3o', '351ddd3ee5774335b503d9dc19883922.jpg', 'ab04ec5cc8a44a9da9e405540193e1df.jpg', '6ad816d88379403db0c31395d12a8de1.jpg', 'ee7edacafb8b40a8be47398ae8203cf3.jpg', 2, 0, 0, 0, 1, '', '2016-02-29 11:01:16', '2016-02-29 11:01:24'),
	(87, 46, '8f9406c4-6be7-410b-8d1f-d83692ab182e', 'tesdfasdfasdf', 'asdfsdfsdf344344334', 2.50078, 2.50078, 1, 0, 'http://videomall.kssws.ks-cdn.com/c329db806e9d47f18aff1156b6ffea3d.mp4_1161_30_636x356.mp4?AccessKeyId=hcd8nl286b7RNCoJygZ%2F&Expires=2176717653&Signature=I%2FwCbyEwL1Rum2fb9x0nr8Qk8BY%3D', 'http://videomall.kssws.ks-cdn.com/c329db806e9d47f18aff1156b6ffea3d.mp4_1161_30_636x356.mp4?AccessKeyId=hcd8nl286b7RNCoJygZ%2F&Expires=2176717653&Signature=I%2FwCbyEwL1Rum2fb9x0nr8Qk8BY%3D', 'c329db806e9d47f18aff1156b6ffea3d.mp4', '00Pe4WGFgxdL', 'c051989ec18144b29668bec1584dea21.jpg', '178fbb9e32ab443dbf11d49d801139de.jpg', '2ef66dba401e4aec94bc0ce570b28dff.jpg', 'ecb5f6820697447ea8460d3d77b08049.jpg', 2, 0, 0, 0, 1, '', '2016-02-29 11:47:29', '2016-03-08 11:34:32'),
	(88, 46, 'a46c58dd-5ee5-4a96-9d04-1dda7e1c9993', '422323232323', '23322323232323', 18.3263, 18.3263, 0, 0, 'http://videomall.kssws.ks-cdn.com/6de3696b48ab4fbfb342cf427db41259.mp4_1161_30_636x356.mp4?AccessKeyId=hcd8nl286b7RNCoJygZ%2F&Expires=2177258516&Signature=dDthYl0n6G2c2nFRcR4b6yhyu%2BA%3D', 'http://videomall.kssws.ks-cdn.com/6de3696b48ab4fbfb342cf427db41259.mp4_1161_30_636x356.mp4?AccessKeyId=hcd8nl286b7RNCoJygZ%2F&Expires=2177258516&Signature=dDthYl0n6G2c2nFRcR4b6yhyu%2BA%3D', '6de3696b48ab4fbfb342cf427db41259.mp4', '00Pef7d9OKAy', '8374412abbb54687a66975a133d988da.jpg', '2f34f43ddd814885851fbdaf6a0f1c3d.jpg', '00b5723f13904319b431ec65aac56b6b.jpg', 'b9be0f8fb779492aa78e88e437cc6326.jpg', 2, 0, 0, 1, 2, '', '2016-03-06 18:01:33', '2016-03-06 18:02:32'),
	(89, 83, '1a93d3c5-fc12-48b7-8f54-9d0911a4677c', '测试视频上传0311', '测试视频上传0311', 10.5058, 10.5058, 3, 0, 'http://videomall.kssws.ks-cdn.com/cfbbcae428824d16a046f0f538ea76bc.mp4_1161_30_636x356.mp4?AccessKeyId=hcd8nl286b7RNCoJygZ%2F&Expires=2177676731&Signature=dAmHcQ8eOR1nAdeBNmjnthfF4Fk%3D', 'http://videomall.kssws.ks-cdn.com/cfbbcae428824d16a046f0f538ea76bc.mp4_1161_30_636x356.mp4?AccessKeyId=hcd8nl286b7RNCoJygZ%2F&Expires=2177676731&Signature=dAmHcQ8eOR1nAdeBNmjnthfF4Fk%3D', 'cfbbcae428824d16a046f0f538ea76bc.mp4', '00Pf7QNplXUp', '939b268d19c645ac8d45a62afd816111.jpg', 'fd9af0c16b2f4da79da549bbf77b186c.jpg', 'bb3a5f4d1d9d4ecfa0bb0fba0e950ed9.jpg', 'cf0c1fc17b73478a988dd3bb8c4d63ff.jpg', 2, 0, 0, 1, 2, '', '2016-03-11 14:10:17', '2016-03-11 14:19:25');
/*!40000 ALTER TABLE `t_sysmgr_video` ENABLE KEYS */;
/*!40101 SET SQL_MODE=IFNULL(@OLD_SQL_MODE, '') */;
/*!40014 SET FOREIGN_KEY_CHECKS=IF(@OLD_FOREIGN_KEY_CHECKS IS NULL, 1, @OLD_FOREIGN_KEY_CHECKS) */;
/*!40101 SET CHARACTER_SET_CLIENT=@OLD_CHARACTER_SET_CLIENT */;
